_id,productTitle,productPrice,productUrl,productImage,mainCategoryName,subCategoryName,shop,brandName
6663ef9027afadaf979446d1,Fry's Turkish Delight Chocolate Bar 50g,1,https://www.woolworths.com.au/shop/productdetails/612308/fry-s-turkish-delight-chocolate-bar,https://assets.woolworths.com.au/images/1005/612308.jpg?impolicy=wowsmkqiema&w=260&h=260,Confectionary,Chocolate Bars,woolworths,Fry's
6663ef9027afadaf979446d2,Cadbury Boost Chocolate Bar 50g,1,https://www.woolworths.com.au/shop/productdetails/602067/cadbury-boost-chocolate-bar,https://assets.woolworths.com.au/images/1005/602067.jpg?impolicy=wowsmkqiema&w=260&h=260,Confectionary,Chocolate Bars,woolworths,Cadbury
6663ef9027afadaf979446d3,Cadbury Cherry Ripe Chocolate Bar 44g,1,https://www.woolworths.com.au/shop/productdetails/613112/cadbury-cherry-ripe-chocolate-bar,https://assets.woolworths.com.au/images/1005/613112.jpg?impolicy=wowsmkqiema&w=260&h=260,Confectionary,Chocolate Bars,woolworths,Cadbury
6663ef9027afadaf979446d4,Cadbury Dairy Milk Caramel Chocolate Caramello Bar 46g,1,https://www.woolworths.com.au/shop/productdetails/612998/cadbury-dairy-milk-caramel-chocolate-caramello-bar,https://assets.woolworths.com.au/images/1005/612998.jpg?impolicy=wowsmkqiema&w=260&h=260,Confectionary,Chocolate Bars,woolworths,Cadbury
6663ef9027afadaf979446d5,Kitkat Milk Chocolate Bar 45g,2.5,https://www.woolworths.com.au/shop/productdetails/98376/kitkat-milk-chocolate-bar,https://assets.woolworths.com.au/images/1005/98376.jpg?impolicy=wowsmkqiema&w=260&h=260,Confectionary,Chocolate Bars,woolworths,Kitkat
6663ef9027afadaf979446d6,Cadbury Dairy Milk Caramel Chocolate Caramello Koala 35g,1,https://www.woolworths.com.au/shop/productdetails/840556/cadbury-dairy-milk-caramel-chocolate-caramello-koala,https://assets.woolworths.com.au/images/1005/840556.jpg?impolicy=wowsmkqiema&w=260&h=260,Confectionary,Chocolate Bars,woolworths,Cadbury
6663ef9027afadaf979446d7,Cadbury Chomp Chocolate Bar 30g,1,https://www.woolworths.com.au/shop/productdetails/98361/cadbury-chomp-chocolate-bar,https://assets.woolworths.com.au/images/1005/98361.jpg?impolicy=wowsmkqiema&w=260&h=260,Confectionary,Chocolate Bars,woolworths,Cadbury
6663ef9027afadaf979446d8,Cadbury Dairy Milk Freddo Chocolate 35g,1,https://www.woolworths.com.au/shop/productdetails/326628/cadbury-dairy-milk-freddo-chocolate,https://assets.woolworths.com.au/images/1005/326628.jpg?impolicy=wowsmkqiema&w=260&h=260,Confectionary,Chocolate Bars,woolworths,Cadbury
6663ef9027afadaf979446d9,Kitkat Chunky Original Milk Chocolate Bar 45g,2.5,https://www.woolworths.com.au/shop/productdetails/826112/kitkat-chunky-original-milk-chocolate-bar,https://assets.woolworths.com.au/images/1005/826112.jpg?impolicy=wowsmkqiema&w=260&h=260,Confectionary,Chocolate Bars,woolworths,Kitkat
6663ef9027afadaf979446da,Cadbury Curly Wurly Chocolate Bar 21.5g,1,https://www.woolworths.com.au/shop/productdetails/109586/cadbury-curly-wurly-chocolate-bar,https://assets.woolworths.com.au/images/1005/109586.jpg?impolicy=wowsmkqiema&w=260&h=260,Confectionary,Chocolate Bars,woolworths,Cadbury
6663ef9027afadaf979446db,Cadbury Cherry Ripe Double Dipped Chocolate Bar 40g,1,https://www.woolworths.com.au/shop/productdetails/610117/cadbury-cherry-ripe-double-dipped-chocolate-bar,https://assets.woolworths.com.au/images/1005/610117.jpg?impolicy=wowsmkqiema&w=260&h=260,Confectionary,Chocolate Bars,woolworths,Cadbury
6663ef9027afadaf979446dc,Cadbury Slices Raspberry Chocolate Bar 50g,1,https://www.woolworths.com.au/shop/productdetails/597153/cadbury-slices-raspberry-chocolate-bar,https://assets.woolworths.com.au/images/1005/597153.jpg?impolicy=wowsmkqiema&w=260&h=260,Confectionary,Chocolate Bars,woolworths,Cadbury
6663ef9027afadaf979446dd,Cadbury Cherry Ripe Berry Truffle Chocolate Bar 40g,1,https://www.woolworths.com.au/shop/productdetails/597152/cadbury-cherry-ripe-berry-truffle-chocolate-bar,https://assets.woolworths.com.au/images/1005/597152.jpg?impolicy=wowsmkqiema&w=260&h=260,Confectionary,Chocolate Bars,woolworths,Cadbury
6663ef9027afadaf979446de,Cadbury Moro Chocolate Bar 50g,1,https://www.woolworths.com.au/shop/productdetails/610115/cadbury-moro-chocolate-bar,https://assets.woolworths.com.au/images/1005/610115.jpg?impolicy=wowsmkqiema&w=260&h=260,Confectionary,Chocolate Bars,woolworths,Cadbury
6663ef9027afadaf979446df,Cadbury Dairy Milk Chocolate Bar 50g,1,https://www.woolworths.com.au/shop/productdetails/320105/cadbury-dairy-milk-chocolate-bar,https://assets.woolworths.com.au/images/1005/320105.jpg?impolicy=wowsmkqiema&w=260&h=260,Confectionary,Chocolate Bars,woolworths,Cadbury
6663ef9027afadaf979446e0,Aero Peppermint Milk Chocolate Bar 40g,2.5,https://www.woolworths.com.au/shop/productdetails/330355/aero-peppermint-milk-chocolate-bar,https://assets.woolworths.com.au/images/1005/330355.jpg?impolicy=wowsmkqiema&w=260&h=260,Confectionary,Chocolate Bars,woolworths,Aero
6663ef9027afadaf979446e1,Cadbury Twirl Chocolate Bar 39g,1,https://www.woolworths.com.au/shop/productdetails/320104/cadbury-twirl-chocolate-bar,https://assets.woolworths.com.au/images/1005/320104.jpg?impolicy=wowsmkqiema&w=260&h=260,Confectionary,Chocolate Bars,woolworths,Cadbury
6663ef9027afadaf979446e2,Smarties Milk Chocolate Box 50g,2.5,https://www.woolworths.com.au/shop/productdetails/98471/smarties-milk-chocolate-box,https://assets.woolworths.com.au/images/1005/98471.jpg?impolicy=wowsmkqiema&w=260&h=260,Confectionary,Chocolate Bars,woolworths,Smarties
6663ef9027afadaf979446e3,Kinder Bueno Milk Chocolate Bar 43g,2.5,https://www.woolworths.com.au/shop/productdetails/66527/kinder-bueno-milk-chocolate-bar,https://assets.woolworths.com.au/images/1005/66527.jpg?impolicy=wowsmkqiema&w=260&h=260,Confectionary,Chocolate Bars,woolworths,Kinder
6663ef9027afadaf979446e4,Nutella B-ready Biscuit Multipack 6 Pack,3.5,https://www.woolworths.com.au/shop/productdetails/129892/nutella-b-ready-biscuit-multipack,https://assets.woolworths.com.au/images/1005/129892.jpg?impolicy=wowsmkqiema&w=260&h=260,Confectionary,Chocolate Bars,woolworths,Nutella
6663ef9027afadaf979446e5,Cadbury Dairy Milk Chocolate Roll 55g,1,https://www.woolworths.com.au/shop/productdetails/3158/cadbury-dairy-milk-chocolate-roll,https://assets.woolworths.com.au/images/1005/3158.jpg?impolicy=wowsmkqiema&w=260&h=260,Confectionary,Chocolate Bars,woolworths,Cadbury
6663ef9027afadaf979446e6,Cadbury Crunchie Chocolate Bar 50g,1,https://www.woolworths.com.au/shop/productdetails/98368/cadbury-crunchie-chocolate-bar,https://assets.woolworths.com.au/images/1005/98368.jpg?impolicy=wowsmkqiema&w=260&h=260,Confectionary,Chocolate Bars,woolworths,Cadbury
6663ef9027afadaf979446e7,Toblerone Milk Chocolate Bar 50g,1,https://www.woolworths.com.au/shop/productdetails/47011/toblerone-milk-chocolate-bar,https://assets.woolworths.com.au/images/1005/47011.jpg?impolicy=wowsmkqiema&w=260&h=260,Confectionary,Chocolate Bars,woolworths,Toblerone
6663ef9027afadaf979446e8,Whittaker's Peanut Slab Milk Chocolate 50g,2.5,https://www.woolworths.com.au/shop/productdetails/71484/whittaker-s-peanut-slab-milk-chocolate,https://assets.woolworths.com.au/images/1005/71484.jpg?impolicy=wowsmkqiema&w=260&h=260,Confectionary,Chocolate Bars,woolworths,Whittaker's
6663ef9027afadaf979446e9,Reese's Peanut Butter Cup Milk Chocolate 42g Bar,2.5,https://www.woolworths.com.au/shop/productdetails/34517/reese-s-peanut-butter-cup-milk-chocolate,https://assets.woolworths.com.au/images/1005/34517.jpg?impolicy=wowsmkqiema&w=260&h=260,Confectionary,Chocolate Bars,woolworths,Reese's
6663ef9027afadaf979446ea,Cadbury Picnic Chocolate Bar 46g,1,https://www.woolworths.com.au/shop/productdetails/320106/cadbury-picnic-chocolate-bar,https://assets.woolworths.com.au/images/1005/320106.jpg?impolicy=wowsmkqiema&w=260&h=260,Confectionary,Chocolate Bars,woolworths,Cadbury
6663ef9027afadaf979446eb,Mars Chocolate Bar With Nougat & Caramel 47g,2.2,https://www.woolworths.com.au/shop/productdetails/160905/mars-chocolate-bar-with-nougat-caramel,https://assets.woolworths.com.au/images/1005/160905.jpg?impolicy=wowsmkqiema&w=260&h=260,Confectionary,Chocolate Bars,woolworths,Mars
6663ef9027afadaf979446ec,Twix Milk Chocolate Bar With Caramel Biscuit 50g,2.2,https://www.woolworths.com.au/shop/productdetails/657419/twix-milk-chocolate-bar-with-caramel-biscuit,https://assets.woolworths.com.au/images/1005/657419.jpg?impolicy=wowsmkqiema&w=260&h=260,Confectionary,Chocolate Bars,woolworths,Twix
6663ef9027afadaf979446ed,Snickers Chocolate Bar Peanuts Caramel Nougat 44g,2.2,https://www.woolworths.com.au/shop/productdetails/206890/snickers-chocolate-bar-peanuts-caramel-nougat,https://assets.woolworths.com.au/images/1005/206890.jpg?impolicy=wowsmkqiema&w=260&h=260,Confectionary,Chocolate Bars,woolworths,Snickers
6663ef9027afadaf979446ee,M&m's Minis Milk Chocolate Treat Tube 35g,1.1,https://www.woolworths.com.au/shop/productdetails/579/m-m-s-minis-milk-chocolate-treat-tube,https://assets.woolworths.com.au/images/1005/579.jpg?impolicy=wowsmkqiema&w=260&h=260,Confectionary,Chocolate Bars,woolworths,M&m's
6663ef9027afadaf979446ef,Cadbury Flake Chocolate Bar 30g,1,https://www.woolworths.com.au/shop/productdetails/98372/cadbury-flake-chocolate-bar,https://assets.woolworths.com.au/images/1005/98372.jpg?impolicy=wowsmkqiema&w=260&h=260,Confectionary,Chocolate Bars,woolworths,Cadbury
6663ef9027afadaf979446f0,Milkybar White Choc Bar 50g,2.5,https://www.woolworths.com.au/shop/productdetails/93539/milkybar-white-choc-bar,https://assets.woolworths.com.au/images/1005/93539.jpg?impolicy=wowsmkqiema&w=260&h=260,Confectionary,Chocolate Bars,woolworths,Milkybar
6663ef9027afadaf979446f1,Whittaker's Coconut Slab 50g,2.5,https://www.woolworths.com.au/shop/productdetails/224461/whittaker-s-coconut-slab,https://assets.woolworths.com.au/images/1005/224461.jpg?impolicy=wowsmkqiema&w=260&h=260,Confectionary,Chocolate Bars,woolworths,Whittaker's
6663ef9027afadaf979446f2,Nutella Hazelnut Chocolate Spread With Breadsticks 48g,1.25,https://www.woolworths.com.au/shop/productdetails/869235/nutella-hazelnut-chocolate-spread-with-breadsticks,https://assets.woolworths.com.au/images/1005/869235.jpg?impolicy=wowsmkqiema&w=260&h=260,Confectionary,Chocolate Bars,woolworths,Nutella
6663ef9027afadaf979446f3,Chokito Caramel Milk Chocolate Bar 40g,2.5,https://www.woolworths.com.au/shop/productdetails/345841/chokito-caramel-milk-chocolate-bar,https://assets.woolworths.com.au/images/1005/345841.jpg?impolicy=wowsmkqiema&w=260&h=260,Confectionary,Chocolate Bars,woolworths,Chokito
6663ef9027afadaf979446f4,Mr Beast Feastables Peanut Butter Chocolate 35g,2.5,https://www.woolworths.com.au/shop/productdetails/322959/mr-beast-feastables-peanut-butter-chocolate,https://assets.woolworths.com.au/images/1005/322959.jpg?impolicy=wowsmkqiema&w=260&h=260,Confectionary,Chocolate Bars,woolworths,Mr
6663ef9027afadaf979446f5,Milky Way Chocolate Bar Whipped Nougat 45g,2.2,https://www.woolworths.com.au/shop/productdetails/164410/milky-way-chocolate-bar-whipped-nougat,https://assets.woolworths.com.au/images/1005/164410.jpg?impolicy=wowsmkqiema&w=260&h=260,Confectionary,Chocolate Bars,woolworths,Milky
6663ef9027afadaf979446f6,Cadbury Marvellous Creations Jelly Popping Candy Chocolate Bar 50g,1,https://www.woolworths.com.au/shop/productdetails/715904/cadbury-marvellous-creations-jelly-popping-candy-chocolate-bar,https://assets.woolworths.com.au/images/1005/715904.jpg?impolicy=wowsmkqiema&w=260&h=260,Confectionary,Chocolate Bars,woolworths,Cadbury
6663ef9027afadaf979446f7,Maltesers Milk Chocolate Snack & Share Bag 140g,3.6,https://www.woolworths.com.au/shop/productdetails/460245/maltesers-milk-chocolate-snack-share-bag,https://assets.woolworths.com.au/images/1005/460245.jpg?impolicy=wowsmkqiema&w=260&h=260,Confectionary,Chocolate Bars,woolworths,Maltesers
6663ef9027afadaf979446f8,Maltesers Milk Chocolate Snack Party Bag 280g,7,https://www.woolworths.com.au/shop/productdetails/105115/maltesers-milk-chocolate-snack-party-bag,https://assets.woolworths.com.au/images/1005/105115.jpg?impolicy=wowsmkqiema&w=260&h=260,Confectionary,Chocolate Bars,woolworths,Maltesers
6663ef9027afadaf979446f9,Violet Crumble Chocolate Bar 50g,2.5,https://www.woolworths.com.au/shop/productdetails/48431/violet-crumble-chocolate-bar,https://assets.woolworths.com.au/images/1005/48431.jpg?impolicy=wowsmkqiema&w=260&h=260,Confectionary,Chocolate Bars,woolworths,Violet
6663ef9027afadaf979446fa,Cadbury Dairy Milk Caramel Chocolate Caramello Bar 46g,1,https://www.woolworths.com.au/shop/productdetails/612998/cadbury-dairy-milk-caramel-chocolate-caramello-bar,https://assets.woolworths.com.au/images/1005/612998.jpg?impolicy=wowsmkqiema&w=260&h=260,Confectionary,Chocolate Bars,woolworths,Cadbury
6663ef9027afadaf979446fb,Nestle Peppermint Crisp Milk Chocolate Bar 35g,2.5,https://www.woolworths.com.au/shop/productdetails/98869/nestle-peppermint-crisp-milk-chocolate-bar,https://assets.woolworths.com.au/images/1005/98869.jpg?impolicy=wowsmkqiema&w=260&h=260,Confectionary,Chocolate Bars,woolworths,Nestle
6663ef9027afadaf979446fc,Cadbury Caramilk Chocolate Bar 45g,1,https://www.woolworths.com.au/shop/productdetails/142334/cadbury-caramilk-chocolate-bar,https://assets.woolworths.com.au/images/1005/142334.jpg?impolicy=wowsmkqiema&w=260&h=260,Confectionary,Chocolate Bars,woolworths,Cadbury
6663ef9027afadaf979446fd,Cadbury Dream White Chocolate Bar 50g,1,https://www.woolworths.com.au/shop/productdetails/142709/cadbury-dream-white-chocolate-bar,https://assets.woolworths.com.au/images/1005/142709.jpg?impolicy=wowsmkqiema&w=260&h=260,Confectionary,Chocolate Bars,woolworths,Cadbury
6663ef9027afadaf979446fe,Whittaker's Almond Gold Slab 45g,2.5,https://www.woolworths.com.au/shop/productdetails/297415/whittaker-s-almond-gold-slab,https://assets.woolworths.com.au/images/1005/297415.jpg?impolicy=wowsmkqiema&w=260&h=260,Confectionary,Chocolate Bars,woolworths,Whittaker's
6663ef9027afadaf979446ff,Europe Nougat Honey Log Chocolate Bar 40g,1,https://www.woolworths.com.au/shop/productdetails/320102/europe-nougat-honey-log-chocolate-bar,https://assets.woolworths.com.au/images/1005/320102.jpg?impolicy=wowsmkqiema&w=260&h=260,Confectionary,Chocolate Bars,woolworths,Europe
6663ef9027afadaf97944700,Kitkat Milkybar White Chocolate Bar 45g,2.5,https://www.woolworths.com.au/shop/productdetails/273963/kitkat-milkybar-white-chocolate-bar,https://assets.woolworths.com.au/images/1005/273963.jpg?impolicy=wowsmkqiema&w=260&h=260,Confectionary,Chocolate Bars,woolworths,Kitkat
6663ef9027afadaf97944701,Allen's Chocolate Freckles Lollies Family Size Bag 340g,6.8,https://www.woolworths.com.au/shop/productdetails/362490/allen-s-chocolate-freckles-lollies-family-size-bag,https://assets.woolworths.com.au/images/1005/362490.jpg?impolicy=wowsmkqiema&w=260&h=260,Confectionary,Chocolate Bars,woolworths,Allen's
6663ef9027afadaf97944702,Woolworths Milk Chocolate Almonds 190g,2.6,https://www.woolworths.com.au/shop/productdetails/54702/woolworths-milk-chocolate-almonds,https://assets.woolworths.com.au/images/1005/54702.jpg?impolicy=wowsmkqiema&w=260&h=260,Confectionary,Chocolate Bars,woolworths,Woolworths
6663ef9027afadaf97944703,Smarties Milk Chocolate Family Size Bag 240g,6.8,https://www.woolworths.com.au/shop/productdetails/348166/smarties-milk-chocolate-family-size-bag,https://assets.woolworths.com.au/images/1005/348166.jpg?impolicy=wowsmkqiema&w=260&h=260,Confectionary,Chocolate Bars,woolworths,Smarties
6663ef9027afadaf97944704,Cadbury Moro Chocolate Bar 50g,1,https://www.woolworths.com.au/shop/productdetails/610115/cadbury-moro-chocolate-bar,https://assets.woolworths.com.au/images/1005/610115.jpg?impolicy=wowsmkqiema&w=260&h=260,Confectionary,Chocolate Bars,woolworths,Cadbury
6663ef9027afadaf97944705,Pods Mars Chocolate Snack & Share Party Bag 160g,3.6,https://www.woolworths.com.au/shop/productdetails/460628/pods-mars-chocolate-snack-share-party-bag,https://assets.woolworths.com.au/images/1005/460628.jpg?impolicy=wowsmkqiema&w=260&h=260,Confectionary,Chocolate Bars,woolworths,Pods
6663ef9027afadaf97944706,Cadbury Cherry Ripe Double Dipped Chocolate Bar 40g,1,https://www.woolworths.com.au/shop/productdetails/610117/cadbury-cherry-ripe-double-dipped-chocolate-bar,https://assets.woolworths.com.au/images/1005/610117.jpg?impolicy=wowsmkqiema&w=260&h=260,Confectionary,Chocolate Bars,woolworths,Cadbury
6663ef9027afadaf97944707,Cadbury Cherry Ripe Berry Truffle Chocolate Bar 40g,1,https://www.woolworths.com.au/shop/productdetails/597152/cadbury-cherry-ripe-berry-truffle-chocolate-bar,https://assets.woolworths.com.au/images/1005/597152.jpg?impolicy=wowsmkqiema&w=260&h=260,Confectionary,Chocolate Bars,woolworths,Cadbury
6663ef9027afadaf97944708,Cadbury Boost Chocolate Bar 50g,1,https://www.woolworths.com.au/shop/productdetails/602067/cadbury-boost-chocolate-bar,https://assets.woolworths.com.au/images/1005/602067.jpg?impolicy=wowsmkqiema&w=260&h=260,Confectionary,Chocolate Bars,woolworths,Cadbury
6663ef9027afadaf97944709,Cadbury Moro Chocolate Bar 50g,1,https://www.woolworths.com.au/shop/productdetails/610115/cadbury-moro-chocolate-bar,https://assets.woolworths.com.au/images/1005/610115.jpg?impolicy=wowsmkqiema&w=260&h=260,Confectionary,Chocolate Bars,woolworths,Cadbury
6663ef9027afadaf9794470a,Lindt Lindor Milk Chocolate Bar 38g,2.5,https://www.woolworths.com.au/shop/productdetails/760472/lindt-lindor-milk-chocolate-bar,https://assets.woolworths.com.au/images/1005/760472.jpg?impolicy=wowsmkqiema&w=260&h=260,Confectionary,Chocolate Bars,woolworths,Lindt
6663ef9027afadaf9794470b,Cadbury Twirl Honeycomb Sundae Flavour Chocolate Bar 35g,1,https://www.woolworths.com.au/shop/productdetails/318604/cadbury-twirl-honeycomb-sundae-flavour-chocolate-bar,https://assets.woolworths.com.au/images/1005/318604.jpg?impolicy=wowsmkqiema&w=260&h=260,Confectionary,Chocolate Bars,woolworths,Cadbury
6663ef9027afadaf9794470c,Kitkat Chunky Aero Mint Milk Chocolate Bar 45g,2.5,https://www.woolworths.com.au/shop/productdetails/176878/kitkat-chunky-aero-mint-milk-chocolate-bar,https://assets.woolworths.com.au/images/1005/176878.jpg?impolicy=wowsmkqiema&w=260&h=260,Confectionary,Chocolate Bars,woolworths,Kitkat
6663ef9027afadaf9794470d,Europe Summer Roll Chocolate Bar 40g,1,https://www.woolworths.com.au/shop/productdetails/320103/europe-summer-roll-chocolate-bar,https://assets.woolworths.com.au/images/1005/320103.jpg?impolicy=wowsmkqiema&w=260&h=260,Confectionary,Chocolate Bars,woolworths,Europe
6663ef9027afadaf9794470e,Nestle Mint Pattie Peppermint Milk Chocolate Bar 20g,1.5,https://www.woolworths.com.au/shop/productdetails/97737/nestle-mint-pattie-peppermint-milk-chocolate-bar,https://assets.woolworths.com.au/images/1005/97737.jpg?impolicy=wowsmkqiema&w=260&h=260,Confectionary,Chocolate Bars,woolworths,Nestle
6663ef9027afadaf9794470f,M&m's Milk Chocolate Snack & Share Bag 180g,3.6,https://www.woolworths.com.au/shop/productdetails/460247/m-m-s-milk-chocolate-snack-share-bag,https://assets.woolworths.com.au/images/1005/460247.jpg?impolicy=wowsmkqiema&w=260&h=260,Confectionary,Chocolate Bars,woolworths,M&m's
6663ef9027afadaf97944710,Fry's Turkish Delight Chocolate Bar 50g,1,https://www.woolworths.com.au/shop/productdetails/612308/fry-s-turkish-delight-chocolate-bar,https://assets.woolworths.com.au/images/1005/612308.jpg?impolicy=wowsmkqiema&w=260&h=260,Confectionary,Chocolate Bars,woolworths,Fry's
6663ef9027afadaf97944711,Cadbury Cherry Ripe Chocolate Bar 44g,1,https://www.woolworths.com.au/shop/productdetails/613112/cadbury-cherry-ripe-chocolate-bar,https://assets.woolworths.com.au/images/1005/613112.jpg?impolicy=wowsmkqiema&w=260&h=260,Confectionary,Chocolate Bars,woolworths,Cadbury
6663ef9027afadaf97944712,Cadbury Dairy Milk Caramel Chocolate Caramello Bar 46g,1,https://www.woolworths.com.au/shop/productdetails/612998/cadbury-dairy-milk-caramel-chocolate-caramello-bar,https://assets.woolworths.com.au/images/1005/612998.jpg?impolicy=wowsmkqiema&w=260&h=260,Confectionary,Chocolate Bars,woolworths,Cadbury
6663ef9027afadaf97944713,Cadbury Slices Raspberry Chocolate Bar 50g,1,https://www.woolworths.com.au/shop/productdetails/597153/cadbury-slices-raspberry-chocolate-bar,https://assets.woolworths.com.au/images/1005/597153.jpg?impolicy=wowsmkqiema&w=260&h=260,Confectionary,Chocolate Bars,woolworths,Cadbury
6663ef9027afadaf97944714,Kinder Bueno White 39g,2.5,https://www.woolworths.com.au/shop/productdetails/532344/kinder-bueno-white,https://assets.woolworths.com.au/images/1005/532344.jpg?impolicy=wowsmkqiema&w=260&h=260,Confectionary,Chocolate Bars,woolworths,Kinder
6663ef9027afadaf97944715,Reese's Peanut Butter Cups Miniatures Milk Chocolate 150g,5.5,https://www.woolworths.com.au/shop/productdetails/348306/reese-s-peanut-butter-cups-miniatures-milk-chocolate,https://assets.woolworths.com.au/images/1005/348306.jpg?impolicy=wowsmkqiema&w=260&h=260,Confectionary,Chocolate Bars,woolworths,Reese's
6663ef9027afadaf97944716,Kitkat Chunky Cookie Dough Milk Chocolate Bar 45g,2.5,https://www.woolworths.com.au/shop/productdetails/414516/kitkat-chunky-cookie-dough-milk-chocolate-bar,https://assets.woolworths.com.au/images/1005/414516.jpg?impolicy=wowsmkqiema&w=260&h=260,Confectionary,Chocolate Bars,woolworths,Kitkat
6663ef9027afadaf97944717,M&m's Minis Chocolate Snack & Share Bag 145g,3.6,https://www.woolworths.com.au/shop/productdetails/460813/m-m-s-minis-chocolate-snack-share-bag,https://assets.woolworths.com.au/images/1005/460813.jpg?impolicy=wowsmkqiema&w=260&h=260,Confectionary,Chocolate Bars,woolworths,M&m's
6663ef9027afadaf97944718,Pods Snickers Chocolate Snack & Share Party Bag 160g,3.6,https://www.woolworths.com.au/shop/productdetails/460811/pods-snickers-chocolate-snack-share-party-bag,https://assets.woolworths.com.au/images/1005/460811.jpg?impolicy=wowsmkqiema&w=260&h=260,Confectionary,Chocolate Bars,woolworths,Pods
6663ef9027afadaf97944719,Cadbury Twirl Breakaway Wafer Chocolate Bar 40g,1,https://www.woolworths.com.au/shop/productdetails/118040/cadbury-twirl-breakaway-wafer-chocolate-bar,https://assets.woolworths.com.au/images/1005/118040.jpg?impolicy=wowsmkqiema&w=260&h=260,Confectionary,Chocolate Bars,woolworths,Cadbury
6663ef9027afadaf9794471a,Kitkat Chunky Milo Milk Chocolate Bar 45g,2.5,https://www.woolworths.com.au/shop/productdetails/224320/kitkat-chunky-milo-milk-chocolate-bar,https://assets.woolworths.com.au/images/1005/224320.jpg?impolicy=wowsmkqiema&w=260&h=260,Confectionary,Chocolate Bars,woolworths,Kitkat
6663ef9027afadaf9794471b,M&m's Milk Chocolate Snack & Share Bag 380g,7,https://www.woolworths.com.au/shop/productdetails/108036/m-m-s-milk-chocolate-snack-share-bag,https://assets.woolworths.com.au/images/1005/108036.jpg?impolicy=wowsmkqiema&w=260&h=260,Confectionary,Chocolate Bars,woolworths,M&m's
6663ef9027afadaf9794471c,M&m's Peanut Milk Chocolate Snack & Share Bag 180g,3.6,https://www.woolworths.com.au/shop/productdetails/460570/m-m-s-peanut-milk-chocolate-snack-share-bag,https://assets.woolworths.com.au/images/1005/460570.jpg?impolicy=wowsmkqiema&w=260&h=260,Confectionary,Chocolate Bars,woolworths,M&m's
6663ef9027afadaf9794471d,Milkybar Milo White Choc Bar 38g,2.5,https://www.woolworths.com.au/shop/productdetails/322692/milkybar-milo-white-choc-bar,https://assets.woolworths.com.au/images/1005/322692.jpg?impolicy=wowsmkqiema&w=260&h=260,Confectionary,Chocolate Bars,woolworths,Milkybar
6663ef9027afadaf9794471e,Cadbury Twirl Chocolate Bites 140g,5,https://www.woolworths.com.au/shop/productdetails/252005/cadbury-twirl-chocolate-bites,https://assets.woolworths.com.au/images/1005/252005.jpg?impolicy=wowsmkqiema&w=260&h=260,Confectionary,Chocolate Bars,woolworths,Cadbury
6663ef9027afadaf9794471f,Cadbury Twirl Caramilk Chocolate Bar 39g,1,https://www.woolworths.com.au/shop/productdetails/65270/cadbury-twirl-caramilk-chocolate-bar,https://assets.woolworths.com.au/images/1005/65270.jpg?impolicy=wowsmkqiema&w=260&h=260,Confectionary,Chocolate Bars,woolworths,Cadbury
6663ef9027afadaf97944720,Woolworths Milk Chocolate Peanuts 190g,2.6,https://www.woolworths.com.au/shop/productdetails/54641/woolworths-milk-chocolate-peanuts,https://assets.woolworths.com.au/images/1005/54641.jpg?impolicy=wowsmkqiema&w=260&h=260,Confectionary,Chocolate Bars,woolworths,Woolworths
6663ef9027afadaf97944721,Reese's Milk Chocolate Caramel Big Cup 29g,2.5,https://www.woolworths.com.au/shop/productdetails/664550/reese-s-milk-chocolate-caramel-big-cup,https://assets.woolworths.com.au/images/1005/664550.jpg?impolicy=wowsmkqiema&w=260&h=260,Confectionary,Chocolate Bars,woolworths,Reese's
6663ef9027afadaf97944722,Hershey's Cookies 'n' Creme Bar 40g,2.5,https://www.woolworths.com.au/shop/productdetails/277295/hershey-s-cookies-n-creme-bar,https://assets.woolworths.com.au/images/1005/277295.jpg?impolicy=wowsmkqiema&w=260&h=260,Confectionary,Chocolate Bars,woolworths,Hershey's
6663ef9027afadaf97944723,M&m's Crispy Milk Chocolate Snack & Share Bag 145g,3.6,https://www.woolworths.com.au/shop/productdetails/460574/m-m-s-crispy-milk-chocolate-snack-share-bag,https://assets.woolworths.com.au/images/1005/460574.jpg?impolicy=wowsmkqiema&w=260&h=260,Confectionary,Chocolate Bars,woolworths,M&m's
6663ef9027afadaf97944724,Mars Chocolate Bar With Nougat & Caramel 47g,2.2,https://www.woolworths.com.au/shop/productdetails/160905/mars-chocolate-bar-with-nougat-caramel,https://assets.woolworths.com.au/images/1005/160905.jpg?impolicy=wowsmkqiema&w=260&h=260,Confectionary,Chocolate Bars,woolworths,Mars
6663ef9027afadaf97944725,Twix Milk Chocolate Bar With Caramel Biscuit 50g,2.2,https://www.woolworths.com.au/shop/productdetails/657419/twix-milk-chocolate-bar-with-caramel-biscuit,https://assets.woolworths.com.au/images/1005/657419.jpg?impolicy=wowsmkqiema&w=260&h=260,Confectionary,Chocolate Bars,woolworths,Twix
6663ef9027afadaf97944726,Snickers Chocolate Bar Peanuts Caramel Nougat 44g,2.2,https://www.woolworths.com.au/shop/productdetails/206890/snickers-chocolate-bar-peanuts-caramel-nougat,https://assets.woolworths.com.au/images/1005/206890.jpg?impolicy=wowsmkqiema&w=260&h=260,Confectionary,Chocolate Bars,woolworths,Snickers
6663ef9027afadaf97944727,M&m's Minis Milk Chocolate Treat Tube 35g,1.1,https://www.woolworths.com.au/shop/productdetails/579/m-m-s-minis-milk-chocolate-treat-tube,https://assets.woolworths.com.au/images/1005/579.jpg?impolicy=wowsmkqiema&w=260&h=260,Confectionary,Chocolate Bars,woolworths,M&m's
6663ef9027afadaf97944728,Pods Pods Twix Chocolate Snack & Share Bag 160g,3.6,https://www.woolworths.com.au/shop/productdetails/460703/pods-twix-chocolate-snack-share-bag,https://assets.woolworths.com.au/images/1005/460703.jpg?impolicy=wowsmkqiema&w=260&h=260,Confectionary,Chocolate Bars,woolworths,Pods
6663ef9027afadaf97944729,Woolworths Milk Chocolate Sultanas 190g,2.6,https://www.woolworths.com.au/shop/productdetails/54640/woolworths-milk-chocolate-sultanas,https://assets.woolworths.com.au/images/1005/54640.jpg?impolicy=wowsmkqiema&w=260&h=260,Confectionary,Chocolate Bars,woolworths,Woolworths
6663ef9027afadaf9794472a,Mars Loaded Lamington Flavour Chocolate Bar 47g,2.2,https://www.woolworths.com.au/shop/productdetails/306743/mars-loaded-lamington-flavour-chocolate-bar,https://assets.woolworths.com.au/images/1005/306743.jpg?impolicy=wowsmkqiema&w=260&h=260,Confectionary,Chocolate Bars,woolworths,Mars
6663ef9027afadaf9794472b,Cadbury Dairy Milk Slices Crackle Chocolate Bar 45g,1,https://www.woolworths.com.au/shop/productdetails/254451/cadbury-dairy-milk-slices-crackle-chocolate-bar,https://assets.woolworths.com.au/images/1005/254451.jpg?impolicy=wowsmkqiema&w=260&h=260,Confectionary,Chocolate Bars,woolworths,Cadbury
6663ef9027afadaf9794472c,Smarties Milk Chocolate Block 180g,3,https://www.woolworths.com.au/shop/productdetails/280467/smarties-milk-chocolate-block,https://assets.woolworths.com.au/images/1005/280467.jpg?impolicy=wowsmkqiema&w=260&h=260,Confectionary,Chocolate Bars,woolworths,Smarties
6663ef9027afadaf9794472d,Mars Milk Chocolate Bar Caramel & Nougat 2 Pieces 64g,2,https://www.woolworths.com.au/shop/productdetails/164728/mars-milk-chocolate-bar,https://assets.woolworths.com.au/images/1005/164728.jpg?impolicy=wowsmkqiema&w=260&h=260,Confectionary,Chocolate Bars,woolworths,Mars
6663ef9027afadaf9794472e,Milky Way Chocolate Bar Whipped Nougat 45g,2.2,https://www.woolworths.com.au/shop/productdetails/164410/milky-way-chocolate-bar-whipped-nougat,https://assets.woolworths.com.au/images/1005/164410.jpg?impolicy=wowsmkqiema&w=260&h=260,Confectionary,Chocolate Bars,woolworths,Milky
6663ef9027afadaf9794472f,Snickers Peanut Brownie Milk Chocolate Bar 44g,2.2,https://www.woolworths.com.au/shop/productdetails/567432/snickers-peanut-brownie-milk-chocolate-bar,https://assets.woolworths.com.au/images/1005/567432.jpg?impolicy=wowsmkqiema&w=260&h=260,Confectionary,Chocolate Bars,woolworths,Snickers
6663ef9027afadaf97944730,Cadbury Slices Raspberry Chocolate Bar 50g,1,https://www.woolworths.com.au/shop/productdetails/597153/cadbury-slices-raspberry-chocolate-bar,https://assets.woolworths.com.au/images/1005/597153.jpg?impolicy=wowsmkqiema&w=260&h=260,Confectionary,Chocolate Bars,woolworths,Cadbury
6663ef9027afadaf97944731,Pascall Pineapple Lumps Chocolate Candy 185g,3.8,https://www.woolworths.com.au/shop/productdetails/828969/pascall-pineapple-lumps-chocolate-candy,https://assets.woolworths.com.au/images/1005/828969.jpg?impolicy=wowsmkqiema&w=260&h=260,Confectionary,Chocolate Bars,woolworths,Pascall
6663ef9027afadaf97944732,Kinder Surprise Chocolate Egg Pink 20g,1.75,https://www.woolworths.com.au/shop/productdetails/10587/kinder-surprise-chocolate-egg-pink,https://assets.woolworths.com.au/images/1005/10587.jpg?impolicy=wowsmkqiema&w=260&h=260,Confectionary,Chocolate Bars,woolworths,Kinder
6663ef9027afadaf97944733,Cadbury Dairy Milk Breakaway Chocolate Bar 44g,1,https://www.woolworths.com.au/shop/productdetails/210616/cadbury-dairy-milk-breakaway-chocolate-bar,https://assets.woolworths.com.au/images/1005/210616.jpg?impolicy=wowsmkqiema&w=260&h=260,Confectionary,Chocolate Bars,woolworths,Cadbury
6663ef9027afadaf97944734,Cadbury Twirl Iced Latte Flavour Chocolate Bar 39g,1,https://www.woolworths.com.au/shop/productdetails/416340/cadbury-twirl-iced-latte-flavour-chocolate-bar,https://assets.woolworths.com.au/images/1005/416340.jpg?impolicy=wowsmkqiema&w=260&h=260,Confectionary,Chocolate Bars,woolworths,Cadbury
6663ef9027afadaf97944735,Scorched Peanut Bar 45g,1.9,https://www.woolworths.com.au/shop/productdetails/105379/cooks-confectionery-scorched-peanut-bar,https://assets.woolworths.com.au/images/1005/105379.jpg?impolicy=wowsmkqiema&w=260&h=260,Confectionary,Chocolate Bars,woolworths,Scorched
6663ef9027afadaf97944736,Menz Polly Waffle Bites 125g,5.5,https://www.woolworths.com.au/shop/productdetails/648035/menz-polly-waffle-bites,https://assets.woolworths.com.au/images/1005/648035.jpg?impolicy=wowsmkqiema&w=260&h=260,Confectionary,Chocolate Bars,woolworths,Menz
6663ef9027afadaf97944737,Darrell Lea Chocolate Raspberry Balls 160g,5.5,https://www.woolworths.com.au/shop/productdetails/109918/darrell-lea-chocolate-raspberry-balls,https://assets.woolworths.com.au/images/1005/109918.jpg?impolicy=wowsmkqiema&w=260&h=260,Confectionary,Chocolate Bars,woolworths,Darrell
6663ef9027afadaf97944738,M&m's Peanut Chocolate Snack & Share Bag 380g,7,https://www.woolworths.com.au/shop/productdetails/108037/m-m-s-peanut-chocolate-snack-share-bag,https://assets.woolworths.com.au/images/1005/108037.jpg?impolicy=wowsmkqiema&w=260&h=260,Confectionary,Chocolate Bars,woolworths,M&m's
6663ef9027afadaf97944739,Kinder Surprise Chocolate Egg Blue 20g,1.75,https://www.woolworths.com.au/shop/productdetails/573137/kinder-surprise-chocolate-egg-blue,https://assets.woolworths.com.au/images/1005/573137.jpg?impolicy=wowsmkqiema&w=260&h=260,Confectionary,Chocolate Bars,woolworths,Kinder
6663ef9027afadaf9794473a,Cadbury Cherry Ripe Berry Truffle Chocolate Bar 40g,1,https://www.woolworths.com.au/shop/productdetails/597152/cadbury-cherry-ripe-berry-truffle-chocolate-bar,https://assets.woolworths.com.au/images/1005/597152.jpg?impolicy=wowsmkqiema&w=260&h=260,Confectionary,Chocolate Bars,woolworths,Cadbury
6663ef9027afadaf9794473b,M&m's Crispy Milk Chocolate Snack & Share Bag 335g,7,https://www.woolworths.com.au/shop/productdetails/105836/m-m-s-crispy-milk-chocolate-snack-share-bag,https://assets.woolworths.com.au/images/1005/105836.jpg?impolicy=wowsmkqiema&w=260&h=260,Confectionary,Chocolate Bars,woolworths,M&m's
6663ef9027afadaf9794473c,Hershey's Cookies & Cream Salted Caramel Bar 38g,2.5,https://www.woolworths.com.au/shop/productdetails/637982/hershey-s-cookies-cream-salted-caramel-bar,https://assets.woolworths.com.au/images/1005/637982.jpg?impolicy=wowsmkqiema&w=260&h=260,Confectionary,Chocolate Bars,woolworths,Hershey's
6663ef9027afadaf9794473d,Reese's White Peanut Butter Cups 39g,2.5,https://www.woolworths.com.au/shop/productdetails/494618/reese-s-white-peanut-butter-cups,https://assets.woolworths.com.au/images/1005/494618.jpg?impolicy=wowsmkqiema&w=260&h=260,Confectionary,Chocolate Bars,woolworths,Reese's
6663ef9027afadaf9794473e,Snickers Milk Chocolate Bar Peanuts Caramel Nougat 2 Pieces 64g,2,https://www.woolworths.com.au/shop/productdetails/239842/snickers-milk-chocolate-bar-peanuts-caramel-nougat-2-pieces,https://assets.woolworths.com.au/images/1005/239842.jpg?impolicy=wowsmkqiema&w=260&h=260,Confectionary,Chocolate Bars,woolworths,Snickers
6663ef9027afadaf9794473f,Kinder Surprise Milk Chocolate Egg With Natoons Toy 20g,1.75,https://www.woolworths.com.au/shop/productdetails/76358/kinder-surprise-milk-chocolate-egg-with-natoons-toy,https://assets.woolworths.com.au/images/1005/76358.jpg?impolicy=wowsmkqiema&w=260&h=260,Confectionary,Chocolate Bars,woolworths,Kinder
6663ef9027afadaf97944740,Reese's Sticks Chocolate Bar 42g,2.5,https://www.woolworths.com.au/shop/productdetails/325742/reese-s-sticks-chocolate-bar,https://assets.woolworths.com.au/images/1005/325742.jpg?impolicy=wowsmkqiema&w=260&h=260,Confectionary,Chocolate Bars,woolworths,Reese's
6663ef9027afadaf97944741,Cadbury Dairy Milk Caramel Chocolate Caramello Bar 46g,1,https://www.woolworths.com.au/shop/productdetails/612998/cadbury-dairy-milk-caramel-chocolate-caramello-bar,https://assets.woolworths.com.au/images/1005/612998.jpg?impolicy=wowsmkqiema&w=260&h=260,Confectionary,Chocolate Bars,woolworths,Cadbury
6663ef9027afadaf97944742,Fry's Turkish Delight Chocolate Bar 50g,1,https://www.woolworths.com.au/shop/productdetails/612308/fry-s-turkish-delight-chocolate-bar,https://assets.woolworths.com.au/images/1005/612308.jpg?impolicy=wowsmkqiema&w=260&h=260,Confectionary,Chocolate Bars,woolworths,Fry's
6663ef9027afadaf97944743,Cadbury Moro Chocolate Bar 50g,1,https://www.woolworths.com.au/shop/productdetails/610115/cadbury-moro-chocolate-bar,https://assets.woolworths.com.au/images/1005/610115.jpg?impolicy=wowsmkqiema&w=260&h=260,Confectionary,Chocolate Bars,woolworths,Cadbury
6663ef9027afadaf97944744,Cadbury Slices Raspberry Chocolate Bar 50g,1,https://www.woolworths.com.au/shop/productdetails/597153/cadbury-slices-raspberry-chocolate-bar,https://assets.woolworths.com.au/images/1005/597153.jpg?impolicy=wowsmkqiema&w=260&h=260,Confectionary,Chocolate Bars,woolworths,Cadbury
6663ef9027afadaf97944745,Cadbury Cherry Ripe Chocolate Minis Bites 150g,5,https://www.woolworths.com.au/shop/productdetails/255143/cadbury-cherry-ripe-chocolate-minis-bites,https://assets.woolworths.com.au/images/1005/255143.jpg?impolicy=wowsmkqiema&w=260&h=260,Confectionary,Chocolate Bars,woolworths,Cadbury
6663ef9027afadaf97944746,Cadbury Dairy Milk Caramel Chocolate Caramello Bites 142g,5,https://www.woolworths.com.au/shop/productdetails/254447/cadbury-dairy-milk-caramel-chocolate-caramello-bites,https://assets.woolworths.com.au/images/1005/254447.jpg?impolicy=wowsmkqiema&w=260&h=260,Confectionary,Chocolate Bars,woolworths,Cadbury
6663ef9027afadaf97944747,Menz Bumbles Milk Choc Honeycomb 400g,5,https://www.woolworths.com.au/shop/productdetails/321074/menz-bumbles-milk-choc-honeycomb,https://assets.woolworths.com.au/images/1005/321074.jpg?impolicy=wowsmkqiema&w=260&h=260,Confectionary,Chocolate Bars,woolworths,Menz
6663ef9027afadaf97944748,Reese's Mini's Peanut Butter Cups 120g,5.5,https://www.woolworths.com.au/shop/productdetails/309499/reese-s-mini-s-peanut-butter-cups,https://assets.woolworths.com.au/images/1005/309499.jpg?impolicy=wowsmkqiema&w=260&h=260,Confectionary,Chocolate Bars,woolworths,Reese's
6663ef9027afadaf97944749,Cadbury Dairy Milk Top Deck Chocolate Bites 135g,5,https://www.woolworths.com.au/shop/productdetails/252012/cadbury-dairy-milk-top-deck-chocolate-bites,https://assets.woolworths.com.au/images/1005/252012.jpg?impolicy=wowsmkqiema&w=260&h=260,Confectionary,Chocolate Bars,woolworths,Cadbury
6663ef9027afadaf9794474a,Cadbury Twirl Breakaway Cookie Dough Chocolate Bar 32g,1,https://www.woolworths.com.au/shop/productdetails/612934/cadbury-twirl-breakaway-cookie-dough-chocolate-bar,https://assets.woolworths.com.au/images/1005/612934.jpg?impolicy=wowsmkqiema&w=260&h=260,Confectionary,Chocolate Bars,woolworths,Cadbury
6663ef9027afadaf9794474b,Cadbury Boost Chocolate Bar 50g,1,https://www.woolworths.com.au/shop/productdetails/602067/cadbury-boost-chocolate-bar,https://assets.woolworths.com.au/images/1005/602067.jpg?impolicy=wowsmkqiema&w=260&h=260,Confectionary,Chocolate Bars,woolworths,Cadbury
6663ef9027afadaf9794474c,Cadbury Cherry Ripe Double Dipped Chocolate Bar 40g,1,https://www.woolworths.com.au/shop/productdetails/610117/cadbury-cherry-ripe-double-dipped-chocolate-bar,https://assets.woolworths.com.au/images/1005/610117.jpg?impolicy=wowsmkqiema&w=260&h=260,Confectionary,Chocolate Bars,woolworths,Cadbury
6663ef9027afadaf9794474d,Cadbury Cherry Ripe Berry Truffle Chocolate Bar 40g,1,https://www.woolworths.com.au/shop/productdetails/597152/cadbury-cherry-ripe-berry-truffle-chocolate-bar,https://assets.woolworths.com.au/images/1005/597152.jpg?impolicy=wowsmkqiema&w=260&h=260,Confectionary,Chocolate Bars,woolworths,Cadbury
6663ef9027afadaf9794474e,Cadbury Cherry Ripe Chocolate Bar 44g,1,https://www.woolworths.com.au/shop/productdetails/613112/cadbury-cherry-ripe-chocolate-bar,https://assets.woolworths.com.au/images/1005/613112.jpg?impolicy=wowsmkqiema&w=260&h=260,Confectionary,Chocolate Bars,woolworths,Cadbury
6663ef9027afadaf9794474f,Cadbury Caramilk Twirl Chocolate Bites 130g,5,https://www.woolworths.com.au/shop/productdetails/252006/cadbury-caramilk-twirl-chocolate-bites,https://assets.woolworths.com.au/images/1005/252006.jpg?impolicy=wowsmkqiema&w=260&h=260,Confectionary,Chocolate Bars,woolworths,Cadbury
6663ef9027afadaf97944750,M&m's Mix Ups Milk Chocolate Peanut & Crispy 335g,7,https://www.woolworths.com.au/shop/productdetails/105157/m-m-s-mix-ups-milk-chocolate-peanut-crispy,https://assets.woolworths.com.au/images/1005/105157.jpg?impolicy=wowsmkqiema&w=260&h=260,Confectionary,Chocolate Bars,woolworths,M&m's
6663ef9027afadaf97944751,Nestle Golden Rough Coconut Milk Chocolate Bar 20g,1.5,https://www.woolworths.com.au/shop/productdetails/97738/nestle-golden-rough-coconut-milk-chocolate-bar,https://assets.woolworths.com.au/images/1005/97738.jpg?impolicy=wowsmkqiema&w=260&h=260,Confectionary,Chocolate Bars,woolworths,Nestle
6663ef9027afadaf97944752,Cadbury Cherry Ripe Twin Pack Chocolate Bar 68g,3,https://www.woolworths.com.au/shop/productdetails/602066/cadbury-cherry-ripe-twin-pack-chocolate-bar,https://assets.woolworths.com.au/images/1005/602066.jpg?impolicy=wowsmkqiema&w=260&h=260,Confectionary,Chocolate Bars,woolworths,Cadbury
6663ef9027afadaf97944753,Fry's Turkish Delight Twin Pack Chocolate Bar 70g,3,https://www.woolworths.com.au/shop/productdetails/612963/fry-s-turkish-delight-twin-pack-chocolate-bar,https://assets.woolworths.com.au/images/1005/612963.jpg?impolicy=wowsmkqiema&w=260&h=260,Confectionary,Chocolate Bars,woolworths,Fry's
6663ef9027afadaf97944754,Lindt Lindor 70% Cocoa Dark Chocolate Bag 123g,10,https://www.woolworths.com.au/shop/productdetails/676647/lindt-lindor-70-cocoa-dark-chocolate-bag,https://assets.woolworths.com.au/images/1005/676647.jpg?impolicy=wowsmkqiema&w=260&h=260,Confectionary,Chocolate Bars,woolworths,Lindt
6663ef9027afadaf97944755,Cadbury Dairy Milk Peppermint Chocolate Bites 142g,5,https://www.woolworths.com.au/shop/productdetails/252013/cadbury-dairy-milk-peppermint-chocolate-bites,https://assets.woolworths.com.au/images/1005/252013.jpg?impolicy=wowsmkqiema&w=260&h=260,Confectionary,Chocolate Bars,woolworths,Cadbury
6663ef9027afadaf97944756,Yowie Chocolate 28g,3.5,https://www.woolworths.com.au/shop/productdetails/605239/yowie-chocolate,https://assets.woolworths.com.au/images/1005/605239.jpg?impolicy=wowsmkqiema&w=260&h=260,Confectionary,Chocolate Bars,woolworths,Yowie
6663ef9027afadaf97944757,Mr Beast Feastables Milk Chocolate 35g,2.5,https://www.woolworths.com.au/shop/productdetails/333900/mr-beast-feastables-milk-chocolate,https://assets.woolworths.com.au/images/1005/333900.jpg?impolicy=wowsmkqiema&w=260&h=260,Confectionary,Chocolate Bars,woolworths,Mr
6663ef9027afadaf97944758,Twix Xtra Milk Chocolate Bar 72g,2,https://www.woolworths.com.au/shop/productdetails/22987/twix-xtra-milk-chocolate-bar,https://assets.woolworths.com.au/images/1005/22987.jpg?impolicy=wowsmkqiema&w=260&h=260,Confectionary,Chocolate Bars,woolworths,Twix
6663ef9027afadaf97944759,Europe Summer Roll Minis 150g,5,https://www.woolworths.com.au/shop/productdetails/255112/europe-summer-roll-minis,https://assets.woolworths.com.au/images/1005/255112.jpg?impolicy=wowsmkqiema&w=260&h=260,Confectionary,Chocolate Bars,woolworths,Europe
6663ef9027afadaf9794475a,Cadbury Fry's Turkish Delight Chocolate Bites 140g,5,https://www.woolworths.com.au/shop/productdetails/252004/cadbury-fry-s-turkish-delight-chocolate-bites,https://assets.woolworths.com.au/images/1005/252004.jpg?impolicy=wowsmkqiema&w=260&h=260,Confectionary,Chocolate Bars,woolworths,Cadbury
6663ef9027afadaf9794475b,Reese's White Chocolate Cups With Peanut Butter Filling 120g,5.5,https://www.woolworths.com.au/shop/productdetails/623339/reese-s-white-chocolate-cups-with-peanut-butter-filling,https://assets.woolworths.com.au/images/1005/623339.jpg?impolicy=wowsmkqiema&w=260&h=260,Confectionary,Chocolate Bars,woolworths,Reese's
6663ef9027afadaf9794475c,Mr Beast Feastables Milk Chocolate Crunch 35g,2.5,https://www.woolworths.com.au/shop/productdetails/334274/mr-beast-feastables-milk-chocolate-crunch,https://assets.woolworths.com.au/images/1005/334274.jpg?impolicy=wowsmkqiema&w=260&h=260,Confectionary,Chocolate Bars,woolworths,Mr
6663ef9027afadaf9794475d,Darrell Lea Life Savers Fruit Tingles Balls 150g,5.5,https://www.woolworths.com.au/shop/productdetails/196971/darrell-lea-life-savers-fruit-tingles-balls,https://assets.woolworths.com.au/images/1005/196971.jpg?impolicy=wowsmkqiema&w=260&h=260,Confectionary,Chocolate Bars,woolworths,Darrell
6663ef9027afadaf9794475e,Cadbury Dairy Milk Hazelnut Chocolate Bites 130g,5,https://www.woolworths.com.au/shop/productdetails/254449/cadbury-dairy-milk-hazelnut-chocolate-bites,https://assets.woolworths.com.au/images/1005/254449.jpg?impolicy=wowsmkqiema&w=260&h=260,Confectionary,Chocolate Bars,woolworths,Cadbury
6663ef9027afadaf9794475f,Cadbury Twirl Four Pack Chocolate Bar 58g,3,https://www.woolworths.com.au/shop/productdetails/46053/cadbury-twirl-four-pack-chocolate-bar-chocolate-bar,https://assets.woolworths.com.au/images/1005/46053.jpg?impolicy=wowsmkqiema&w=260&h=260,Confectionary,Chocolate Bars,woolworths,Cadbury
6663ef9027afadaf97944760,Cadbury Twirl Mint Chocolate Bites 130g,5,https://www.woolworths.com.au/shop/productdetails/331031/cadbury-twirl-mint-chocolate-bites-share-bag,https://assets.woolworths.com.au/images/1005/331031.jpg?impolicy=wowsmkqiema&w=260&h=260,Confectionary,Chocolate Bars,woolworths,Cadbury
6663ef9027afadaf97944761,Mars Chocolate Bar With Nougat & Caramel 47g,2.2,https://www.woolworths.com.au/shop/productdetails/160905/mars-chocolate-bar-with-nougat-caramel,https://assets.woolworths.com.au/images/1005/160905.jpg?impolicy=wowsmkqiema&w=260&h=260,Confectionary,Chocolate Bars,woolworths,Mars
6663ef9027afadaf97944762,Twix Milk Chocolate Bar With Caramel Biscuit 50g,2.2,https://www.woolworths.com.au/shop/productdetails/657419/twix-milk-chocolate-bar-with-caramel-biscuit,https://assets.woolworths.com.au/images/1005/657419.jpg?impolicy=wowsmkqiema&w=260&h=260,Confectionary,Chocolate Bars,woolworths,Twix
6663ef9027afadaf97944763,Snickers Chocolate Bar Peanuts Caramel Nougat 44g,2.2,https://www.woolworths.com.au/shop/productdetails/206890/snickers-chocolate-bar-peanuts-caramel-nougat,https://assets.woolworths.com.au/images/1005/206890.jpg?impolicy=wowsmkqiema&w=260&h=260,Confectionary,Chocolate Bars,woolworths,Snickers
6663ef9027afadaf97944764,M&m's Minis Milk Chocolate Treat Tube 35g,1.1,https://www.woolworths.com.au/shop/productdetails/579/m-m-s-minis-milk-chocolate-treat-tube,https://assets.woolworths.com.au/images/1005/579.jpg?impolicy=wowsmkqiema&w=260&h=260,Confectionary,Chocolate Bars,woolworths,M&m's
6663ef9027afadaf97944765,Hershey's Choco Balls Cookies & Cream 120g,5.5,https://www.woolworths.com.au/shop/productdetails/309576/hershey-s-choco-balls-cookies-cream,https://assets.woolworths.com.au/images/1005/309576.jpg?impolicy=wowsmkqiema&w=260&h=260,Confectionary,Chocolate Bars,woolworths,Hershey's
6663ef9027afadaf97944766,Cadbury Twirl Milk Chocolate Bites Large Share Bag 270g,6.5,https://www.woolworths.com.au/shop/productdetails/401815/cadbury-twirl-milk-chocolate-bites-large-share-bag,https://assets.woolworths.com.au/images/1005/401815.jpg?impolicy=wowsmkqiema&w=260&h=260,Confectionary,Chocolate Bars,woolworths,Cadbury
6663ef9027afadaf97944767,Lindt Fruit Sensation Dark Chocolate Raspberry & Cranberry Bag 150g,6,https://www.woolworths.com.au/shop/productdetails/674239/lindt-fruit-sensation-dark-chocolate-raspberry-cranberry-bag,https://assets.woolworths.com.au/images/1005/674239.jpg?impolicy=wowsmkqiema&w=260&h=260,Confectionary,Chocolate Bars,woolworths,Lindt
6663ef9027afadaf97944768,Cadbury Picnic Twin Pack Chocolate Bar 67g,3,https://www.woolworths.com.au/shop/productdetails/320107/cadbury-picnic-twin-pack-chocolate-bar-twin-pack,https://assets.woolworths.com.au/images/1005/320107.jpg?impolicy=wowsmkqiema&w=260&h=260,Confectionary,Chocolate Bars,woolworths,Cadbury
6663ef9027afadaf97944769,Cadbury Dairy Milk Strawberry Chocolate Bites 142g,5,https://www.woolworths.com.au/shop/productdetails/252018/cadbury-dairy-milk-strawberry-chocolate-bites,https://assets.woolworths.com.au/images/1005/252018.jpg?impolicy=wowsmkqiema&w=260&h=260,Confectionary,Chocolate Bars,woolworths,Cadbury
6663ef9027afadaf9794476a,Maltesers Dark Chocolate Snack & Share Bag 135g,3.6,https://www.woolworths.com.au/shop/productdetails/131758/maltesers-dark-chocolate-snack-share-bag,https://assets.woolworths.com.au/images/1005/131758.jpg?impolicy=wowsmkqiema&w=260&h=260,Confectionary,Chocolate Bars,woolworths,Maltesers
6663ef9027afadaf9794476b,Milky Way Chocolate Bar Whipped Nougat 45g,2.2,https://www.woolworths.com.au/shop/productdetails/164410/milky-way-chocolate-bar-whipped-nougat,https://assets.woolworths.com.au/images/1005/164410.jpg?impolicy=wowsmkqiema&w=260&h=260,Confectionary,Chocolate Bars,woolworths,Milky
6663ef9027afadaf9794476c,Maltesers Extra Choc Medium Pouch 120g,3.6,https://www.woolworths.com.au/shop/productdetails/75701/maltesers-extra-choc-medium-pouch,https://assets.woolworths.com.au/images/1005/75701.jpg?impolicy=wowsmkqiema&w=260&h=260,Confectionary,Chocolate Bars,woolworths,Maltesers
6663ef9027afadaf9794476d,Cadbury Dairy Milk Slices Lamington Chocolate Bar 45g,1,https://www.woolworths.com.au/shop/productdetails/431763/cadbury-dairy-milk-slices-lamington-chocolate-bar,https://assets.woolworths.com.au/images/1005/431763.jpg?impolicy=wowsmkqiema&w=260&h=260,Confectionary,Chocolate Bars,woolworths,Cadbury
6663ef9027afadaf9794476e,Noshu Less Sugar Milk Chocolate Wafer Crisp Bites 100g,6.5,https://www.woolworths.com.au/shop/productdetails/236126/noshu-less-sugar-milk-chocolate-wafer-crisp-bites,https://assets.woolworths.com.au/images/1005/236126.jpg?impolicy=wowsmkqiema&w=260&h=260,Confectionary,Chocolate Bars,woolworths,Noshu
6663ef9027afadaf9794476f,Lindt Fruit Sensation Dark Chocolate Berry & Acai Bag 150g,6,https://www.woolworths.com.au/shop/productdetails/674261/lindt-fruit-sensation-dark-chocolate-berry-acai-bag,https://assets.woolworths.com.au/images/1005/674261.jpg?impolicy=wowsmkqiema&w=260&h=260,Confectionary,Chocolate Bars,woolworths,Lindt
6663ef9027afadaf97944770,Cadbury Caramilk Chocolate Crunchie Bites 120g,5,https://www.woolworths.com.au/shop/productdetails/405519/cadbury-caramilk-chocolate-crunchie-bites,https://assets.woolworths.com.au/images/1005/405519.jpg?impolicy=wowsmkqiema&w=260&h=260,Confectionary,Chocolate Bars,woolworths,Cadbury
6663ef9027afadaf97944771,Hershey's Choco Balls Salted Caramel 120g,5.5,https://www.woolworths.com.au/shop/productdetails/638729/hershey-s-choco-balls-salted-caramel,https://assets.woolworths.com.au/images/1005/638729.jpg?impolicy=wowsmkqiema&w=260&h=260,Confectionary,Chocolate Bars,woolworths,Hershey's
6663ef9027afadaf97944772,Cadbury Dairy Milk Chocolate 48 x 50g,85.79,https://www.woolworths.com.au/shop/productdetails/1074496769/cadbury-dairy-milk-chocolate-48-x-50g,https://assets.woolworths.com.au/images/1005/1074496769.jpg?impolicy=wowsmkqiema&w=260&h=260,Confectionary,Chocolate Bars,woolworths,Cadbury
6663ef9027afadaf97944773,Kinder Bueno Milk Chocolate Covered Wafer Hazelnut Filling 43g x 10,34.49,https://www.woolworths.com.au/shop/productdetails/1074496786/kinder-bueno-milk-chocolate-covered-wafer-hazelnut-filling-43g-x-10,https://assets.woolworths.com.au/images/1005/1074496786.jpg?impolicy=wowsmkqiema&w=260&h=260,Confectionary,Chocolate Bars,woolworths,Kinder
6663ef9027afadaf97944774,Noshu Less Sugar Dark Chocolate Cherry & Coconut Bites 100g,6.5,https://www.woolworths.com.au/shop/productdetails/236827/noshu-less-sugar-dark-chocolate-cherry-coconut-bites,https://assets.woolworths.com.au/images/1005/236827.jpg?impolicy=wowsmkqiema&w=260&h=260,Confectionary,Chocolate Bars,woolworths,Noshu
6663ef9027afadaf97944775,Snickers Chocolate Bars 50 x 44g,83.99,https://www.woolworths.com.au/shop/productdetails/1074496707/snickers-chocolate-bars-50-x-44g,https://assets.woolworths.com.au/images/1005/1074496707.jpg?impolicy=wowsmkqiema&w=260&h=260,Confectionary,Chocolate Bars,woolworths,Snickers
6663ef9027afadaf97944776,Cadbury Boost Twin Pack Chocolate Bar 77g,3,https://www.woolworths.com.au/shop/productdetails/320101/cadbury-boost-twin-pack-chocolate-bar,https://assets.woolworths.com.au/images/1005/320101.jpg?impolicy=wowsmkqiema&w=260&h=260,Confectionary,Chocolate Bars,woolworths,Cadbury
6663ef9027afadaf97944777,Boodles Boosted Peanut & Pretzel 30g,2,https://www.woolworths.com.au/shop/productdetails/386605/boodles-boosted-peanut-pretzel,https://assets.woolworths.com.au/images/1005/386605.jpg?impolicy=wowsmkqiema&w=260&h=260,Confectionary,Chocolate Bars,woolworths,Boodles
6663ef9027afadaf97944778,Cadbury Twirl Breakaway Share Pack Chocolate Bar 58g,3,https://www.woolworths.com.au/shop/productdetails/132877/cadbury-twirl-breakaway-share-pack-chocolate-bar,https://assets.woolworths.com.au/images/1005/132877.jpg?impolicy=wowsmkqiema&w=260&h=260,Confectionary,Chocolate Bars,woolworths,Cadbury
6663ef9027afadaf97944779,Boodles Boosted Chocolate Speckle 30g,2,https://www.woolworths.com.au/shop/productdetails/387312/boodles-boosted-chocolate-speckle,https://assets.woolworths.com.au/images/1005/387312.jpg?impolicy=wowsmkqiema&w=260&h=260,Confectionary,Chocolate Bars,woolworths,Boodles
6663ef9027afadaf9794477a,Cadbury Dairy Milk Chocolate Bar 75g,3,https://www.woolworths.com.au/shop/productdetails/55676/cadbury-dairy-milk-chocolate-bar,https://assets.woolworths.com.au/images/1005/55676.jpg?impolicy=wowsmkqiema&w=260&h=260,Confectionary,Chocolate Bars,woolworths,Cadbury
6663ef9027afadaf9794477b,Cadbury Dairy Milk Caramel Chocolate Caramello Large Bites 270g,6.5,https://www.woolworths.com.au/shop/productdetails/396366/cadbury-dairy-milk-caramel-chocolate-caramello-large-bites,https://assets.woolworths.com.au/images/1005/396366.jpg?impolicy=wowsmkqiema&w=260&h=260,Confectionary,Chocolate Bars,woolworths,Cadbury
6663ef9027afadaf9794477c,Boodles Chocolate & Hazelnut 30g,2,https://www.woolworths.com.au/shop/productdetails/235575/boodles-chocolate-hazelnut,https://assets.woolworths.com.au/images/1005/235575.jpg?impolicy=wowsmkqiema&w=260&h=260,Confectionary,Chocolate Bars,woolworths,Boodles
6663ef9027afadaf9794477d,Boodles 50% Less Sugar Chocolate & Caramel 30g,2,https://www.woolworths.com.au/shop/productdetails/236190/boodles-50-less-sugar-chocolate-caramel,https://assets.woolworths.com.au/images/1005/236190.jpg?impolicy=wowsmkqiema&w=260&h=260,Confectionary,Chocolate Bars,woolworths,Boodles
