_id,productTitle,productPrice,productUrl,productImage,shop,mainCategoryName,brandName
6664916327afadaf97944d5d,Fanta Strawberry Flavour Soft Drink 355mL,2.1,https://www.igashop.com.au//product/fanta-strawberry-flavour-soft-drink-20000004818,"https://cdn.metcash.media/image/upload/f_auto,c_limit,w_300,q_auto/igashop/images/20000004818",IGA,Soft Drinks,Fanta
6664916327afadaf97944d5e,7Up Lemonade Soda 1.25L,3,https://www.igashop.com.au//product/7up-lemonade-soda-428622,"https://cdn.metcash.media/image/upload/f_auto,c_limit,w_300,q_auto/igashop/images/428622",IGA,Soft Drinks,7Up
6664916327afadaf97944d5f,Alive Blood Orange Passionfruit 4 Pack,10.75,https://www.igashop.com.au//product/alive-blood-orange-passionfruit-685046,"https://cdn.metcash.media/image/upload/f_auto,c_limit,w_300,q_auto/igashop/images/685046",IGA,Soft Drinks,Alive
6664916327afadaf97944d60,Alive Ginger Soft Drink Can Multipack 4 Pack,10.75,https://www.igashop.com.au//product/alive-ginger-soft-drink-can-multipack-677831,/static/default-product-image.png,IGA,Soft Drinks,Alive
6664916327afadaf97944d61,Alive Lemon Lime Bitters 4 Pack,10.75,https://www.igashop.com.au//product/alive-lemon-lime-bitters-678099,"https://cdn.metcash.media/image/upload/f_auto,c_limit,w_300,q_auto/igashop/images/678099",IGA,Soft Drinks,Alive
6664916327afadaf97944d62,Alive Lemonade 4 Pack,10.75,https://www.igashop.com.au//product/alive-lemonade-677849,"https://cdn.metcash.media/image/upload/f_auto,c_limit,w_300,q_auto/igashop/images/677849",IGA,Soft Drinks,Alive
6664916327afadaf97944d63,Alive Pink Grapefruit 4 Pack,10.75,https://www.igashop.com.au//product/alive-pink-grapefruit-684948,"data:image/gif;base64,R0lGODlhAQABAIAAAAAAAP///yH5BAEAAAAALAAAAAABAAEAAAIBRAA7",IGA,Soft Drinks,Alive
6664916327afadaf97944d64,Black & Gold Cola 1.25L,1.2,https://www.igashop.com.au//product/black-gold-cola-26585,"data:image/gif;base64,R0lGODlhAQABAIAAAAAAAP///yH5BAEAAAAALAAAAAABAAEAAAIBRAA7",IGA,Soft Drinks,Black
6664916327afadaf97944d65,Black & Gold Cola Zero Sugar 1.25L,1.2,https://www.igashop.com.au//product/black-gold-cola-zero-sugar-398746,"data:image/gif;base64,R0lGODlhAQABAIAAAAAAAP///yH5BAEAAAAALAAAAAABAAEAAAIBRAA7",IGA,Soft Drinks,Black
6664916327afadaf97944d66,Black & Gold Diet Lemonade 1.25L,1.2,https://www.igashop.com.au//product/black-gold-diet-lemonade-441272,"data:image/gif;base64,R0lGODlhAQABAIAAAAAAAP///yH5BAEAAAAALAAAAAABAAEAAAIBRAA7",IGA,Soft Drinks,Black
6664916327afadaf97944d67,Black & Gold Lemon 1.25L,1.2,https://www.igashop.com.au//product/black-gold-lemon-374263,"data:image/gif;base64,R0lGODlhAQABAIAAAAAAAP///yH5BAEAAAAALAAAAAABAAEAAAIBRAA7",IGA,Soft Drinks,Black
6664916327afadaf97944d68,Black & Gold Lemonade 1.25L,1.2,https://www.igashop.com.au//product/black-gold-lemonade-26593,"data:image/gif;base64,R0lGODlhAQABAIAAAAAAAP///yH5BAEAAAAALAAAAAABAAEAAAIBRAA7",IGA,Soft Drinks,Black
6664916327afadaf97944d69,Black & Gold Orange 1.25L,1.2,https://www.igashop.com.au//product/black-gold-orange-26828,"data:image/gif;base64,R0lGODlhAQABAIAAAAAAAP///yH5BAEAAAAALAAAAAABAAEAAAIBRAA7",IGA,Soft Drinks,Black
6664916327afadaf97944d6a,Black & Gold Soda Water 1.25L,1.2,https://www.igashop.com.au//product/black-gold-soda-water-367363,"data:image/gif;base64,R0lGODlhAQABAIAAAAAAAP///yH5BAEAAAAALAAAAAABAAEAAAIBRAA7",IGA,Soft Drinks,Black
6664916327afadaf97944d6b,Bundaberg Apple Cider 4 Pack,7,https://www.igashop.com.au//product/bundaberg-apple-cider-219057,"data:image/gif;base64,R0lGODlhAQABAIAAAAAAAP///yH5BAEAAAAALAAAAAABAAEAAAIBRAA7",IGA,Soft Drinks,Bundaberg
6664916327afadaf97944d6c,Bundaberg Blood Orange 6 Pack,7.8,https://www.igashop.com.au//product/bundaberg-blood-orange-224667,"data:image/gif;base64,R0lGODlhAQABAIAAAAAAAP///yH5BAEAAAAALAAAAAABAAEAAAIBRAA7",IGA,Soft Drinks,Bundaberg
6664916327afadaf97944d6d,Bundaberg Brewed Diet Ginger Beer 750mL,3.2,https://www.igashop.com.au//product/bundaberg-brewed-diet-ginger-beer-323474,"data:image/gif;base64,R0lGODlhAQABAIAAAAAAAP///yH5BAEAAAAALAAAAAABAAEAAAIBRAA7",IGA,Soft Drinks,Bundaberg
6664916327afadaf97944d6e,Bundaberg Brewed Ginger Beer 750mL,3.2,https://www.igashop.com.au//product/bundaberg-brewed-ginger-beer-428583,"data:image/gif;base64,R0lGODlhAQABAIAAAAAAAP///yH5BAEAAAAALAAAAAABAAEAAAIBRAA7",IGA,Soft Drinks,Bundaberg
6664916327afadaf97944d6f,Bundaberg Burgundee Creaming Soda 4 Pack,6.3,https://www.igashop.com.au//product/bundaberg-burgundee-creaming-soda-389056,"data:image/gif;base64,R0lGODlhAQABAIAAAAAAAP///yH5BAEAAAAALAAAAAABAAEAAAIBRAA7",IGA,Soft Drinks,Bundaberg
6664916327afadaf97944d70,Bundaberg Diet Ginger Beer 4 Pack,6.3,https://www.igashop.com.au//product/bundaberg-diet-ginger-beer-388084,"data:image/gif;base64,R0lGODlhAQABAIAAAAAAAP///yH5BAEAAAAALAAAAAABAAEAAAIBRAA7",IGA,Soft Drinks,Bundaberg
6664916327afadaf97944d71,Bundaberg Diet Ginger Beer 10 Pack,16.95,https://www.igashop.com.au//product/bundaberg-diet-ginger-beer-458787,"https://cdn.metcash.media/image/upload/f_auto,c_limit,w_300,q_auto/igashop/images/458787",IGA,Soft Drinks,Bundaberg
6664916327afadaf97944d72,Bundaberg Diet Lemon Lime & Bitters 4 Pack,6.3,https://www.igashop.com.au//product/bundaberg-diet-lemon-lime-bitters-388123,"https://cdn.metcash.media/image/upload/f_auto,c_limit,w_300,q_auto/igashop/images/388123",IGA,Soft Drinks,Bundaberg
6664916327afadaf97944d73,Bundaberg Diet Sarsaparilla 4 Pack,6.3,https://www.igashop.com.au//product/bundaberg-diet-sarsaparilla-389161,"https://cdn.metcash.media/image/upload/f_auto,c_limit,w_300,q_auto/igashop/images/389161",IGA,Soft Drinks,Bundaberg
6664916327afadaf97944d74,Bundaberg Ginger Beer 10 Pack,16.95,https://www.igashop.com.au//product/bundaberg-ginger-beer-401159,"https://cdn.metcash.media/image/upload/f_auto,c_limit,w_300,q_auto/igashop/images/401159",IGA,Soft Drinks,Bundaberg
6664916327afadaf97944d75,Bundaberg Ginger Beer Mini Can 6 Pack,7.8,https://www.igashop.com.au//product/bundaberg-ginger-beer-mini-can-831757,"https://cdn.metcash.media/image/upload/f_auto,c_limit,w_300,q_auto/igashop/images/831757",IGA,Soft Drinks,Bundaberg
6664916327afadaf97944d76,Bundaberg Lemon Lime & Bitters Mini Cans 6 Pack,7.8,https://www.igashop.com.au//product/bundaberg-lemon-lime-bitters-mini-cans-284015,"https://cdn.metcash.media/image/upload/f_auto,c_limit,w_300,q_auto/igashop/images/284015",IGA,Soft Drinks,Bundaberg
6664916327afadaf97944d77,"Bundaberg Lemon, Lime & Bitters 4 Pack",6.3,https://www.igashop.com.au//product/bundaberg-lemon-lime-bitters-390447,"data:image/gif;base64,R0lGODlhAQABAIAAAAAAAP///yH5BAEAAAAALAAAAAABAAEAAAIBRAA7",IGA,Soft Drinks,Bundaberg
6664916327afadaf97944d78,"Bundaberg Lemon,lime & Bitters 10 Pack",16.95,https://www.igashop.com.au//product/bundaberg-lemonlime-bitters-392546,"data:image/gif;base64,R0lGODlhAQABAIAAAAAAAP///yH5BAEAAAAALAAAAAABAAEAAAIBRAA7",IGA,Soft Drinks,Bundaberg
6664916327afadaf97944d79,Bundaberg Passionfruit Sparkling Drink Mini Cans 6 Pack,7.8,https://www.igashop.com.au//product/bundaberg-passionfruit-sparkling-drink-mini-cans-284023,"data:image/gif;base64,R0lGODlhAQABAIAAAAAAAP///yH5BAEAAAAALAAAAAABAAEAAAIBRAA7",IGA,Soft Drinks,Bundaberg
6664916327afadaf97944d7a,Bundaberg Pineapple & Coconut Sparkling Drink 4 Pack,6.3,https://www.igashop.com.au//product/bundaberg-pineapple-coconut-sparkling-drink-388165,"data:image/gif;base64,R0lGODlhAQABAIAAAAAAAP///yH5BAEAAAAALAAAAAABAAEAAAIBRAA7",IGA,Soft Drinks,Bundaberg
6664916327afadaf97944d7b,Bundaberg Pink Grapefruit 200mL,7.8,https://www.igashop.com.au//product/bundaberg-pink-grapefruit-476688,"data:image/gif;base64,R0lGODlhAQABAIAAAAAAAP///yH5BAEAAAAALAAAAAABAAEAAAIBRAA7",IGA,Soft Drinks,Bundaberg
6664916327afadaf97944d7c,Bundaberg Sarsaparilla 4 Pack,6.3,https://www.igashop.com.au//product/bundaberg-sarsaparilla-56302,"data:image/gif;base64,R0lGODlhAQABAIAAAAAAAP///yH5BAEAAAAALAAAAAABAAEAAAIBRAA7",IGA,Soft Drinks,Bundaberg
6664916327afadaf97944d7d,Bundaberg Sparkling Blood Orange Sparkling Drink 4 Pack,6.3,https://www.igashop.com.au//product/bundaberg-sparkling-blood-orange-sparkling-drink-388039,"data:image/gif;base64,R0lGODlhAQABAIAAAAAAAP///yH5BAEAAAAALAAAAAABAAEAAAIBRAA7",IGA,Soft Drinks,Bundaberg
6664916327afadaf97944d7e,Bundaberg Sparkling Guava Sparkling Drink 4 Pack,6.3,https://www.igashop.com.au//product/bundaberg-sparkling-guava-sparkling-drink-388042,"data:image/gif;base64,R0lGODlhAQABAIAAAAAAAP///yH5BAEAAAAALAAAAAABAAEAAAIBRAA7",IGA,Soft Drinks,Bundaberg
6664916327afadaf97944d7f,Bundaberg Sparkling Passionfruit Sparkling Drink 4 Pack,6.3,https://www.igashop.com.au//product/bundaberg-sparkling-passionfruit-sparkling-drink-388149,"data:image/gif;base64,R0lGODlhAQABAIAAAAAAAP///yH5BAEAAAAALAAAAAABAAEAAAIBRAA7",IGA,Soft Drinks,Bundaberg
6664916327afadaf97944d80,Bundaberg Traditional Lemonade 4 Pack,6.3,https://www.igashop.com.au//product/bundaberg-traditional-lemonade-219120,"data:image/gif;base64,R0lGODlhAQABAIAAAAAAAP///yH5BAEAAAAALAAAAAABAAEAAAIBRAA7",IGA,Soft Drinks,Bundaberg
6664916327afadaf97944d81,Bundaberg Tropical Mango 4 Pack,6.3,https://www.igashop.com.au//product/bundaberg-tropical-mango-885191,"data:image/gif;base64,R0lGODlhAQABAIAAAAAAAP///yH5BAEAAAAALAAAAAABAAEAAAIBRAA7",IGA,Soft Drinks,Bundaberg
6664916327afadaf97944d82,Cascade Lime & Soda Cans 4 Pack,4.6,https://www.igashop.com.au//product/cascade-lime-soda-cans-665538,"data:image/gif;base64,R0lGODlhAQABAIAAAAAAAP///yH5BAEAAAAALAAAAAABAAEAAAIBRAA7",IGA,Soft Drinks,Cascade
6664916327afadaf97944d83,Cascade Tonic Water Cans 4 Pack,4.6,https://www.igashop.com.au//product/cascade-tonic-water-cans-665546,"data:image/gif;base64,R0lGODlhAQABAIAAAAAAAP///yH5BAEAAAAALAAAAAABAAEAAAIBRAA7",IGA,Soft Drinks,Cascade
6664916327afadaf97944d84,Ceda Classic Creaming Soda 1.25L,1.45,https://www.igashop.com.au//product/ceda-classic-creaming-soda-23341,"data:image/gif;base64,R0lGODlhAQABAIAAAAAAAP///yH5BAEAAAAALAAAAAABAAEAAAIBRAA7",IGA,Soft Drinks,Ceda
6664916327afadaf97944d85,Coca Cola Bottle 1L,3.6,https://www.igashop.com.au//product/coca-cola-bottle-362855,"https://cdn.metcash.media/image/upload/f_auto,c_limit,w_300,q_auto/igashop/images/9300675001243_0",IGA,Soft Drinks,Coca
6664916327afadaf97944d86,Coca Cola Classic Bottle 1.25L,1.92,https://www.igashop.com.au//product/coca-cola-classic-bottle-13011,"https://cdn.metcash.media/image/upload/f_auto,c_limit,w_300,q_auto/igashop/images/9300675001113_0",IGA,Soft Drinks,Coca
6664916327afadaf97944d87,Coca Cola Classic Bottle 600mL,4,https://www.igashop.com.au//product/coca-cola-classic-bottle-89038,"https://cdn.metcash.media/image/upload/f_auto,c_limit,w_300,q_auto/igashop/images/9300675009829_0",IGA,Soft Drinks,Coca
6664916327afadaf97944d88,Coca Cola Classic Can 250mL,2.25,https://www.igashop.com.au//product/coca-cola-classic-can-187043,"https://cdn.metcash.media/image/upload/f_auto,c_limit,w_300,q_auto/igashop/images/187043_2",IGA,Soft Drinks,Coca
6664916327afadaf97944d89,Coca Cola Classic Cans 10 Pack,11.4,https://www.igashop.com.au//product/coca-cola-classic-cans-382216,"https://cdn.metcash.media/image/upload/f_auto,c_limit,w_300,q_auto/igashop/images/9300675014779_0",IGA,Soft Drinks,Coca
6664916327afadaf97944d8a,Coca Cola Classic Cans 30 Pack,28.3,https://www.igashop.com.au//product/coca-cola-classic-cans-462579,"https://cdn.metcash.media/image/upload/f_auto,c_limit,w_300,q_auto/igashop/images/9300675012089_0",IGA,Soft Drinks,Coca
6664916327afadaf97944d8b,Coca Cola Classic Cans 24 Pack,38.5,https://www.igashop.com.au//product/coca-cola-classic-cans-681220,"data:image/gif;base64,R0lGODlhAQABAIAAAAAAAP///yH5BAEAAAAALAAAAAABAAEAAAIBRAA7",IGA,Soft Drinks,Coca
6664916327afadaf97944d8c,Coca Cola Classic Glass Bottle 385mL,3.9,https://www.igashop.com.au//product/coca-cola-classic-glass-bottle-48375,"data:image/gif;base64,R0lGODlhAQABAIAAAAAAAP///yH5BAEAAAAALAAAAAABAAEAAAIBRAA7",IGA,Soft Drinks,Coca
6664916327afadaf97944d8d,Coca Cola Classic Mini Bottles 12 Pack,19,https://www.igashop.com.au//product/coca-cola-classic-mini-bottles-310303,"data:image/gif;base64,R0lGODlhAQABAIAAAAAAAP///yH5BAEAAAAALAAAAAABAAEAAAIBRAA7",IGA,Soft Drinks,Coca
6664916327afadaf97944d8e,Coca Cola Classic Mini Cans 6 Pack,9.65,https://www.igashop.com.au//product/coca-cola-classic-mini-cans-674451,"data:image/gif;base64,R0lGODlhAQABAIAAAAAAAP///yH5BAEAAAAALAAAAAABAAEAAAIBRAA7",IGA,Soft Drinks,Coca
6664916327afadaf97944d8f,Coca Cola Diet Bottle 1.25L,1.92,https://www.igashop.com.au//product/coca-cola-diet-bottle-52023,"data:image/gif;base64,R0lGODlhAQABAIAAAAAAAP///yH5BAEAAAAALAAAAAABAAEAAAIBRAA7",IGA,Soft Drinks,Coca
6664916327afadaf97944d90,Coca Cola Diet Can 250mL,2.25,https://www.igashop.com.au//product/coca-cola-diet-can-187132,"data:image/gif;base64,R0lGODlhAQABAIAAAAAAAP///yH5BAEAAAAALAAAAAABAAEAAAIBRAA7",IGA,Soft Drinks,Coca
6664916327afadaf97944d91,Coca Cola Diet Cans 10 Pack,11.4,https://www.igashop.com.au//product/coca-cola-diet-cans-382224,"data:image/gif;base64,R0lGODlhAQABAIAAAAAAAP///yH5BAEAAAAALAAAAAABAAEAAAIBRAA7",IGA,Soft Drinks,Coca
6664916327afadaf97944d92,Coca Cola Diet Cans 30 Pack,28.3,https://www.igashop.com.au//product/coca-cola-diet-cans-636940,"data:image/gif;base64,R0lGODlhAQABAIAAAAAAAP///yH5BAEAAAAALAAAAAABAAEAAAIBRAA7",IGA,Soft Drinks,Coca
6664916327afadaf97944d93,Coca Cola Diet Cans 24 Pack,38.5,https://www.igashop.com.au//product/coca-cola-diet-cans-681212,"data:image/gif;base64,R0lGODlhAQABAIAAAAAAAP///yH5BAEAAAAALAAAAAABAAEAAAIBRAA7",IGA,Soft Drinks,Coca
6664916327afadaf97944d94,Coca Cola Diet Coke 600mL,4,https://www.igashop.com.au//product/coca-cola-diet-coke-190000003878,"data:image/gif;base64,R0lGODlhAQABAIAAAAAAAP///yH5BAEAAAAALAAAAAABAAEAAAIBRAA7",IGA,Soft Drinks,Coca
6664916327afadaf97944d95,Coca Cola Diet Mini Cans 6 Pack,9.65,https://www.igashop.com.au//product/coca-cola-diet-mini-cans-674493,"data:image/gif;base64,R0lGODlhAQABAIAAAAAAAP///yH5BAEAAAAALAAAAAABAAEAAAIBRAA7",IGA,Soft Drinks,Coca
6664916327afadaf97944d96,Coca Cola No Sugar 12 Pack,19,https://www.igashop.com.au//product/coca-cola-no-sugar-180000000437,"data:image/gif;base64,R0lGODlhAQABAIAAAAAAAP///yH5BAEAAAAALAAAAAABAAEAAAIBRAA7",IGA,Soft Drinks,Coca
6664916327afadaf97944d97,Coca Cola No Sugar Bottles 12 Pack,19,https://www.igashop.com.au//product/coca-cola-no-sugar-bottles-20000006065,"data:image/gif;base64,R0lGODlhAQABAIAAAAAAAP///yH5BAEAAAAALAAAAAABAAEAAAIBRAA7",IGA,Soft Drinks,Coca
6664916327afadaf97944d98,Coca Cola No Sugar Glass Bottle 4 Pack,8.1,https://www.igashop.com.au//product/coca-cola-no-sugar-glass-bottle-275294,"data:image/gif;base64,R0lGODlhAQABAIAAAAAAAP///yH5BAEAAAAALAAAAAABAAEAAAIBRAA7",IGA,Soft Drinks,Coca
6664916327afadaf97944d99,Coca Cola No Sugar Soft Drink Glass 4 Pack,7.3,https://www.igashop.com.au//product/coca-cola-no-sugar-soft-drink-glass-215464,"https://cdn.metcash.media/image/upload/f_auto,c_limit,w_300,q_auto/igashop/images/215464",IGA,Soft Drinks,Coca
6664916327afadaf97944d9a,Coca Cola No Sugar Soft Drink Raspberry Bottle 1.25L,1.92,https://www.igashop.com.au//product/coca-cola-no-sugar-soft-drink-raspberry-bottle-215391,"https://cdn.metcash.media/image/upload/f_auto,c_limit,w_300,q_auto/igashop/images/215391",IGA,Soft Drinks,Coca
6664916327afadaf97944d9b,Coca Cola No Sugar Soft Drink Raspberry Bottle 600mL,4,https://www.igashop.com.au//product/coca-cola-no-sugar-soft-drink-raspberry-bottle-215422,"https://cdn.metcash.media/image/upload/f_auto,c_limit,w_300,q_auto/igashop/images/215422_1",IGA,Soft Drinks,Coca
6664916327afadaf97944d9c,Coca Cola No Sugar Soft Drink Raspberry Bottle 12 Pack,19,https://www.igashop.com.au//product/coca-cola-no-sugar-soft-drink-raspberry-bottle-374768,"https://cdn.metcash.media/image/upload/f_auto,c_limit,w_300,q_auto/igashop/images/374768",IGA,Soft Drinks,Coca
6664916327afadaf97944d9d,Coca Cola No Sugar Soft Drink Raspberry Cans 6 Pack,9.65,https://www.igashop.com.au//product/coca-cola-no-sugar-soft-drink-raspberry-cans-374577,"https://cdn.metcash.media/image/upload/f_auto,c_limit,w_300,q_auto/igashop/images/374577",IGA,Soft Drinks,Coca
6664916327afadaf97944d9e,Coca Cola No Sugar Soft Drink Zero Caffeine Cans 6 Pack,9.65,https://www.igashop.com.au//product/coca-cola-no-sugar-soft-drink-zero-caffeine-cans-374734,"https://cdn.metcash.media/image/upload/f_auto,c_limit,w_300,q_auto/igashop/images/374734",IGA,Soft Drinks,Coca
6664916327afadaf97944d9f,Coca Cola No Sugar Vanilla 10 Pack,11.4,https://www.igashop.com.au//product/coca-cola-no-sugar-vanilla-20000004411,"data:image/gif;base64,R0lGODlhAQABAIAAAAAAAP///yH5BAEAAAAALAAAAAABAAEAAAIBRAA7",IGA,Soft Drinks,Coca
6664916327afadaf97944da0,Coca Cola No Sugar Vanilla Bottles 12 Pack,19,https://www.igashop.com.au//product/coca-cola-no-sugar-vanilla-bottles-580181,"data:image/gif;base64,R0lGODlhAQABAIAAAAAAAP///yH5BAEAAAAALAAAAAABAAEAAAIBRAA7",IGA,Soft Drinks,Coca
6664916327afadaf97944da1,Coca Cola Raspberry Soft Drink Bottle 600mL,4,https://www.igashop.com.au//product/coca-cola-raspberry-soft-drink-bottle-286282,"data:image/gif;base64,R0lGODlhAQABAIAAAAAAAP///yH5BAEAAAAALAAAAAABAAEAAAIBRAA7",IGA,Soft Drinks,Coca
6664916327afadaf97944da2,Coca Cola Soft Drink 375mL,1.5,https://www.igashop.com.au//product/coca-cola-soft-drink-20000004784,"data:image/gif;base64,R0lGODlhAQABAIAAAAAAAP///yH5BAEAAAAALAAAAAABAAEAAAIBRAA7",IGA,Soft Drinks,Coca
6664916327afadaf97944da3,Coca Cola Soft Drink Glass Bottle 4 Pack,7.3,https://www.igashop.com.au//product/coca-cola-soft-drink-glass-bottle-215456,"data:image/gif;base64,R0lGODlhAQABAIAAAAAAAP///yH5BAEAAAAALAAAAAABAAEAAAIBRAA7",IGA,Soft Drinks,Coca
6664916327afadaf97944da4,Coca Cola Vanilla Bottle 1.25L,1.92,https://www.igashop.com.au//product/coca-cola-vanilla-bottle-932118,"data:image/gif;base64,R0lGODlhAQABAIAAAAAAAP///yH5BAEAAAAALAAAAAABAAEAAAIBRAA7",IGA,Soft Drinks,Coca
6664916327afadaf97944da5,Coca Cola Vanilla Bottle 600mL,4,https://www.igashop.com.au//product/coca-cola-vanilla-bottle-932168,"data:image/gif;base64,R0lGODlhAQABAIAAAAAAAP///yH5BAEAAAAALAAAAAABAAEAAAIBRAA7",IGA,Soft Drinks,Coca
6664916327afadaf97944da6,Coca Cola Vanilla Cans 24 Pack,38.5,https://www.igashop.com.au//product/coca-cola-vanilla-cans-614231,"data:image/gif;base64,R0lGODlhAQABAIAAAAAAAP///yH5BAEAAAAALAAAAAABAAEAAAIBRAA7",IGA,Soft Drinks,Coca
6664916327afadaf97944da7,Coca Cola Vanilla Cans 10 Pack,11.4,https://www.igashop.com.au//product/coca-cola-vanilla-cans-983541,"data:image/gif;base64,R0lGODlhAQABAIAAAAAAAP///yH5BAEAAAAALAAAAAABAAEAAAIBRAA7",IGA,Soft Drinks,Coca
6664916327afadaf97944da8,Coca Cola Vanilla Coke 6 Pack,9.65,https://www.igashop.com.au//product/coca-cola-vanilla-coke-673057,"data:image/gif;base64,R0lGODlhAQABAIAAAAAAAP///yH5BAEAAAAALAAAAAABAAEAAAIBRAA7",IGA,Soft Drinks,Coca
6664916327afadaf97944da9,Coca Cola Vanilla Soft Drink Can 250mL,2.25,https://www.igashop.com.au//product/coca-cola-vanilla-soft-drink-can-187108,"data:image/gif;base64,R0lGODlhAQABAIAAAAAAAP///yH5BAEAAAAALAAAAAABAAEAAAIBRAA7",IGA,Soft Drinks,Coca
6664916327afadaf97944daa,Coca Cola Vanilla Zero Sugar 600mL,4,https://www.igashop.com.au//product/coca-cola-vanilla-zero-sugar-738158,"data:image/gif;base64,R0lGODlhAQABAIAAAAAAAP///yH5BAEAAAAALAAAAAABAAEAAAIBRAA7",IGA,Soft Drinks,Coca
6664916327afadaf97944dab,Coca Cola Vanilla Zero Sugar 1.25L,1.92,https://www.igashop.com.au//product/coca-cola-vanilla-zero-sugar-738328,"data:image/gif;base64,R0lGODlhAQABAIAAAAAAAP///yH5BAEAAAAALAAAAAABAAEAAAIBRAA7",IGA,Soft Drinks,Coca
6664916327afadaf97944dac,Coca Cola Zero Mini Sugar 6 Pack,9.65,https://www.igashop.com.au//product/coca-cola-zero-mini-sugar-674485,"data:image/gif;base64,R0lGODlhAQABAIAAAAAAAP///yH5BAEAAAAALAAAAAABAAEAAAIBRAA7",IGA,Soft Drinks,Coca
6664916327afadaf97944dad,Coca Cola Zero Sugar 600mL,4,https://www.igashop.com.au//product/coca-cola-zero-sugar-190000003881,"https://cdn.metcash.media/image/upload/f_auto,c_limit,w_300,q_auto/igashop/images/190000003881",IGA,Soft Drinks,Coca
6664916327afadaf97944dae,Coca Cola Zero Sugar 1.25L,1.92,https://www.igashop.com.au//product/coca-cola-zero-sugar-848631,"https://cdn.metcash.media/image/upload/f_auto,c_limit,w_300,q_auto/igashop/images/848631",IGA,Soft Drinks,Coca
6664916327afadaf97944daf,Coca Cola Zero Sugar 250mL,2.25,https://www.igashop.com.au//product/coca-cola-zero-sugar-848673,"https://cdn.metcash.media/image/upload/f_auto,c_limit,w_300,q_auto/igashop/images/848673",IGA,Soft Drinks,Coca
6664916327afadaf97944db0,Coca Cola Zero Sugar 10 Pack,11.4,https://www.igashop.com.au//product/coca-cola-zero-sugar-848694,"https://cdn.metcash.media/image/upload/f_auto,c_limit,w_300,q_auto/igashop/images/848694",IGA,Soft Drinks,Coca
6664916327afadaf97944db1,Coca Cola Zero Sugar 24 Pack,38.5,https://www.igashop.com.au//product/coca-cola-zero-sugar-848733,"https://cdn.metcash.media/image/upload/f_auto,c_limit,w_300,q_auto/igashop/images/848733",IGA,Soft Drinks,Coca
6664916327afadaf97944db2,Coca Cola Zero Sugar 30 Pack,28.3,https://www.igashop.com.au//product/coca-cola-zero-sugar-921751,"https://cdn.metcash.media/image/upload/f_auto,c_limit,w_300,q_auto/igashop/images/921751",IGA,Soft Drinks,Coca
6664916327afadaf97944db3,Coca Cola Zero Sugar 385mL,3.9,https://www.igashop.com.au//product/coca-cola-zero-sugar-983559,"data:image/gif;base64,R0lGODlhAQABAIAAAAAAAP///yH5BAEAAAAALAAAAAABAAEAAAIBRAA7",IGA,Soft Drinks,Coca
6664916327afadaf97944db4,Coca Cola Zero Sugar Zero Caffeine 10 Pack,11.4,https://www.igashop.com.au//product/coca-cola-zero-sugar-zero-caffeine-178418,"data:image/gif;base64,R0lGODlhAQABAIAAAAAAAP///yH5BAEAAAAALAAAAAABAAEAAAIBRAA7",IGA,Soft Drinks,Coca
6664916327afadaf97944db5,Coca Cola Zero Sugar Zero Caffeine 1.25L,1.92,https://www.igashop.com.au//product/coca-cola-zero-sugar-zero-caffeine-182153,"data:image/gif;base64,R0lGODlhAQABAIAAAAAAAP///yH5BAEAAAAALAAAAAABAAEAAAIBRAA7",IGA,Soft Drinks,Coca
6664916327afadaf97944db6,Coca-Cola Soft Drink 2L,3.9,https://www.igashop.com.au//product/coca-cola-soft-drink-14570,"data:image/gif;base64,R0lGODlhAQABAIAAAAAAAP///yH5BAEAAAAALAAAAAABAAEAAAIBRAA7",IGA,Soft Drinks,Coca-Cola
6664916327afadaf97944db7,Coca-Cola Zero Sugar Cola Lime 600mL,4,https://www.igashop.com.au//product/coca-cola-zero-sugar-cola-lime-180000002416,"data:image/gif;base64,R0lGODlhAQABAIAAAAAAAP///yH5BAEAAAAALAAAAAABAAEAAAIBRAA7",IGA,Soft Drinks,Coca-Cola
6664916327afadaf97944db8,Coca-Cola Zero Sugar Cola Lime 1.25L,1.92,https://www.igashop.com.au//product/coca-cola-zero-sugar-cola-lime-180000002417,"data:image/gif;base64,R0lGODlhAQABAIAAAAAAAP///yH5BAEAAAAALAAAAAABAAEAAAIBRAA7",IGA,Soft Drinks,Coca-Cola
6664916327afadaf97944db9,Coca-Cola Zero Sugar Soft Drink 2L,3.9,https://www.igashop.com.au//product/coca-cola-zero-sugar-soft-drink-921743,"data:image/gif;base64,R0lGODlhAQABAIAAAAAAAP///yH5BAEAAAAALAAAAAABAAEAAAIBRAA7",IGA,Soft Drinks,Coca-Cola
6664916327afadaf97944dba,Diet Coke Soft Drink 2L,3.9,https://www.igashop.com.au//product/diet-coke-soft-drink-52170,"data:image/gif;base64,R0lGODlhAQABAIAAAAAAAP///yH5BAEAAAAALAAAAAABAAEAAAIBRAA7",IGA,Soft Drinks,Diet
6664916327afadaf97944dbb,Diet Rite Apple Raspberry Cordial 1L,3.5,https://www.igashop.com.au//product/diet-rite-apple-raspberry-cordial-190000005129,"data:image/gif;base64,R0lGODlhAQABAIAAAAAAAP///yH5BAEAAAAALAAAAAABAAEAAAIBRAA7",IGA,Soft Drinks,Diet
6664916327afadaf97944dbc,Diet Rite Cordial Fruit Cocktail 1L,3.5,https://www.igashop.com.au//product/diet-rite-cordial-fruit-cocktail-20000004800,"data:image/gif;base64,R0lGODlhAQABAIAAAAAAAP///yH5BAEAAAAALAAAAAABAAEAAAIBRAA7",IGA,Soft Drinks,Diet
6664916327afadaf97944dbd,Diet Rite Passionfruit Soft Drink 1.25L,1.5,https://www.igashop.com.au//product/diet-rite-passionfruit-soft-drink-348050,"data:image/gif;base64,R0lGODlhAQABAIAAAAAAAP///yH5BAEAAAAALAAAAAABAAEAAAIBRAA7",IGA,Soft Drinks,Diet
6664916327afadaf97944dbe,Diet Rite Pine Lime 1.25L,1.5,https://www.igashop.com.au//product/diet-rite-pine-lime-659176,"data:image/gif;base64,R0lGODlhAQABAIAAAAAAAP///yH5BAEAAAAALAAAAAABAAEAAAIBRAA7",IGA,Soft Drinks,Diet
6664916327afadaf97944dbf,Diet Rite Soft Drink Grape Portello 1.25L,1.5,https://www.igashop.com.au//product/diet-rite-soft-drink-grape-portello-347648,"data:image/gif;base64,R0lGODlhAQABAIAAAAAAAP///yH5BAEAAAAALAAAAAABAAEAAAIBRAA7",IGA,Soft Drinks,Diet
6664916327afadaf97944dc0,Dr Pepper Can 355mL,2.1,https://www.igashop.com.au//product/dr-pepper-can-190000003557,"data:image/gif;base64,R0lGODlhAQABAIAAAAAAAP///yH5BAEAAAAALAAAAAABAAEAAAIBRAA7",IGA,Soft Drinks,Dr
6664916327afadaf97944dc1,Dr Pepper Cherry Can 355mL,2.1,https://www.igashop.com.au//product/dr-pepper-cherry-can-190000003559,"https://cdn.metcash.media/image/upload/f_auto,c_limit,w_300,q_auto/igashop/images/190000003559",IGA,Soft Drinks,Dr
6664916327afadaf97944dc2,Dr Pepper Cream Soda Can 355mL,2.1,https://www.igashop.com.au//product/dr-pepper-cream-soda-can-190000004055,"https://cdn.metcash.media/image/upload/f_auto,c_limit,w_300,q_auto/igashop/images/190000004055",IGA,Soft Drinks,Dr
6664916327afadaf97944dc3,Dr Pepper Vanilla Float 355mL,2.1,https://www.igashop.com.au//product/dr-pepper-vanilla-float-20000005771,"https://cdn.metcash.media/image/upload/f_auto,c_limit,w_300,q_auto/igashop/images/20000005771",IGA,Soft Drinks,Dr
6664916327afadaf97944dc4,Fanta Berry 355mL,2.1,https://www.igashop.com.au//product/fanta-berry-20000005767,"https://cdn.metcash.media/image/upload/f_auto,c_limit,w_300,q_auto/igashop/images/20000005767",IGA,Soft Drinks,Fanta
6664916327afadaf97944dc5,Fanta Grape Soft Drink Can 355mL,2.1,https://www.igashop.com.au//product/fanta-grape-soft-drink-can-190000003638,"https://cdn.metcash.media/image/upload/f_auto,c_limit,w_300,q_auto/igashop/images/190000003638",IGA,Soft Drinks,Fanta
6664916327afadaf97944dc6,Fanta No Sugar Soft Drink Raspberry Cans 6 Pack,9.65,https://www.igashop.com.au//product/fanta-no-sugar-soft-drink-raspberry-cans-230189,"https://cdn.metcash.media/image/upload/f_auto,c_limit,w_300,q_auto/igashop/images/230189",IGA,Soft Drinks,Fanta
6664916327afadaf97944dc7,Fanta Orange Bottle 1.25L,1.92,https://www.igashop.com.au//product/fanta-orange-bottle-13003,"data:image/gif;base64,R0lGODlhAQABAIAAAAAAAP///yH5BAEAAAAALAAAAAABAAEAAAIBRAA7",IGA,Soft Drinks,Fanta
6664916327afadaf97944dc8,Fanta Orange Bottle 2L,3.4,https://www.igashop.com.au//product/fanta-orange-bottle-13621,"data:image/gif;base64,R0lGODlhAQABAIAAAAAAAP///yH5BAEAAAAALAAAAAABAAEAAAIBRAA7",IGA,Soft Drinks,Fanta
6664916327afadaf97944dc9,Fanta Orange Bottle 600mL,4,https://www.igashop.com.au//product/fanta-orange-bottle-89494,"data:image/gif;base64,R0lGODlhAQABAIAAAAAAAP///yH5BAEAAAAALAAAAAABAAEAAAIBRAA7",IGA,Soft Drinks,Fanta
6664916327afadaf97944dca,Fanta Orange Multipack Cans Multipack Cans 10 Pack,11.4,https://www.igashop.com.au//product/fanta-orange-multipack-cans-multipack-cans-382321,"data:image/gif;base64,R0lGODlhAQABAIAAAAAAAP///yH5BAEAAAAALAAAAAABAAEAAAIBRAA7",IGA,Soft Drinks,Fanta
6664916327afadaf97944dcb,Fanta Orange Multipack Cans Multipack Cans 24 Pack,38.5,https://www.igashop.com.au//product/fanta-orange-multipack-cans-multipack-cans-48105,"data:image/gif;base64,R0lGODlhAQABAIAAAAAAAP///yH5BAEAAAAALAAAAAABAAEAAAIBRAA7",IGA,Soft Drinks,Fanta
6664916327afadaf97944dcc,Fanta Orange Soft Drink Can 375mL,2,https://www.igashop.com.au//product/fanta-orange-soft-drink-can-795613,"data:image/gif;base64,R0lGODlhAQABAIAAAAAAAP///yH5BAEAAAAALAAAAAABAAEAAAIBRAA7",IGA,Soft Drinks,Fanta
6664916327afadaf97944dcd,Fanta Orange Soft Drink Mini Can 250mL,2.25,https://www.igashop.com.au//product/fanta-orange-soft-drink-mini-can-186990,"data:image/gif;base64,R0lGODlhAQABAIAAAAAAAP///yH5BAEAAAAALAAAAAABAAEAAAIBRAA7",IGA,Soft Drinks,Fanta
6664916327afadaf97944dce,Fanta Orange Zero Sugar Bottle 1.25L,1.92,https://www.igashop.com.au//product/fanta-orange-zero-sugar-bottle-864373,"data:image/gif;base64,R0lGODlhAQABAIAAAAAAAP///yH5BAEAAAAALAAAAAABAAEAAAIBRAA7",IGA,Soft Drinks,Fanta
6664916327afadaf97944dcf,Fanta Orange Zero Sugar Bottles 12 Pack,19,https://www.igashop.com.au//product/fanta-orange-zero-sugar-bottles-580254,"data:image/gif;base64,R0lGODlhAQABAIAAAAAAAP///yH5BAEAAAAALAAAAAABAAEAAAIBRAA7",IGA,Soft Drinks,Fanta
6664916327afadaf97944dd0,Fanta Pineapple 355mL,2.1,https://www.igashop.com.au//product/fanta-pineapple-20000005766,"data:image/gif;base64,R0lGODlhAQABAIAAAAAAAP///yH5BAEAAAAALAAAAAABAAEAAAIBRAA7",IGA,Soft Drinks,Fanta
6664916327afadaf97944dd1,Fanta Raspberry Bottle 600mL,4,https://www.igashop.com.au//product/fanta-raspberry-bottle-566470,"data:image/gif;base64,R0lGODlhAQABAIAAAAAAAP///yH5BAEAAAAALAAAAAABAAEAAAIBRAA7",IGA,Soft Drinks,Fanta
6664916327afadaf97944dd2,Fanta Raspberry Zero Sugar Bottle 1.25L,1.92,https://www.igashop.com.au//product/fanta-raspberry-zero-sugar-bottle-566357,"data:image/gif;base64,R0lGODlhAQABAIAAAAAAAP///yH5BAEAAAAALAAAAAABAAEAAAIBRAA7",IGA,Soft Drinks,Fanta
6664916327afadaf97944dd3,Fanta Soft Drink Orange Cans 6 Pack,9.65,https://www.igashop.com.au//product/fanta-soft-drink-orange-cans-672962,"data:image/gif;base64,R0lGODlhAQABAIAAAAAAAP///yH5BAEAAAAALAAAAAABAAEAAAIBRAA7",IGA,Soft Drinks,Fanta
6664916327afadaf97944dd4,Fanta Softdrink Raspberry Bottle 12 Pack,19,https://www.igashop.com.au//product/fanta-softdrink-raspberry-bottle-374682,"data:image/gif;base64,R0lGODlhAQABAIAAAAAAAP///yH5BAEAAAAALAAAAAABAAEAAAIBRAA7",IGA,Soft Drinks,Fanta
6664916327afadaf97944dd5,Fanta Zero Flavours Pineapple 1.25L,1.92,https://www.igashop.com.au//product/fanta-zero-flavours-pineapple-180000002413,/static/default-product-image.png,IGA,Soft Drinks,Fanta
6664916327afadaf97944dd6,Fanta Zero Flavours Pineapple 600mL,4,https://www.igashop.com.au//product/fanta-zero-flavours-pineapple-578396,/static/default-product-image.png,IGA,Soft Drinks,Fanta
6664916327afadaf97944dd7,Fanta Zero Flavours Pineapple Cans 6 Pack,9.65,https://www.igashop.com.au//product/fanta-zero-flavours-pineapple-cans-180000002414,/static/default-product-image.png,IGA,Soft Drinks,Fanta
6664916327afadaf97944dd8,Fanta Zero Soft Drink Orange Cans 6 Pack,9.65,https://www.igashop.com.au//product/fanta-zero-soft-drink-orange-cans-672970,"https://cdn.metcash.media/image/upload/f_auto,c_limit,w_300,q_auto/igashop/images/672970",IGA,Soft Drinks,Fanta
6664916327afadaf97944dd9,Fever-Tree Mediterranean Tonic Water 4 Pack,8,https://www.igashop.com.au//product/fever-tree-mediterranean-tonic-water-587471,"https://cdn.metcash.media/image/upload/f_auto,c_limit,w_300,q_auto/igashop/images/587471",IGA,Soft Drinks,Fever-Tree
6664916327afadaf97944dda,Golden Circle Variety Pack Cans 12 Pack,15.4,https://www.igashop.com.au//product/golden-circle-variety-pack-cans-616445,"https://cdn.metcash.media/image/upload/f_auto,c_limit,w_300,q_auto/igashop/images/616445",IGA,Soft Drinks,Golden
6664916327afadaf97944ddb,Grapetiser Sparkling Juice Red Grape 750mL,4.8,https://www.igashop.com.au//product/grapetiser-sparkling-juice-red-grape-422202,"data:image/gif;base64,R0lGODlhAQABAIAAAAAAAP///yH5BAEAAAAALAAAAAABAAEAAAIBRAA7",IGA,Soft Drinks,Grapetiser
6664916327afadaf97944ddc,Jarritos Mandarin 370mL,4.7,https://www.igashop.com.au//product/jarritos-mandarin-190000001233,"data:image/gif;base64,R0lGODlhAQABAIAAAAAAAP///yH5BAEAAAAALAAAAAABAAEAAAIBRAA7",IGA,Soft Drinks,Jarritos
6664916327afadaf97944ddd,Jarritos Mango 370mL,4.7,https://www.igashop.com.au//product/jarritos-mango-190000001236,"data:image/gif;base64,R0lGODlhAQABAIAAAAAAAP///yH5BAEAAAAALAAAAAABAAEAAAIBRAA7",IGA,Soft Drinks,Jarritos
6664916327afadaf97944dde,Jarritos Passionfruit 370mL,4.7,https://www.igashop.com.au//product/jarritos-passionfruit-190000010352,"data:image/gif;base64,R0lGODlhAQABAIAAAAAAAP///yH5BAEAAAAALAAAAAABAAEAAAIBRAA7",IGA,Soft Drinks,Jarritos
6664916327afadaf97944ddf,Jarritos Pineapple 370mL,4.7,https://www.igashop.com.au//product/jarritos-pineapple-190000001237,"data:image/gif;base64,R0lGODlhAQABAIAAAAAAAP///yH5BAEAAAAALAAAAAABAAEAAAIBRAA7",IGA,Soft Drinks,Jarritos
6664916327afadaf97944de0,Kirks Club Soda Water Bottle 1.25L,2,https://www.igashop.com.au//product/kirks-club-soda-water-bottle-307606,"data:image/gif;base64,R0lGODlhAQABAIAAAAAAAP///yH5BAEAAAAALAAAAAABAAEAAAIBRAA7",IGA,Soft Drinks,Kirks
6664916327afadaf97944de1,Kirks Creaming Soda Bottle 1.25L,2,https://www.igashop.com.au//product/kirks-creaming-soda-bottle-621597,"data:image/gif;base64,R0lGODlhAQABAIAAAAAAAP///yH5BAEAAAAALAAAAAABAAEAAAIBRAA7",IGA,Soft Drinks,Kirks
6664916327afadaf97944de2,Kirks Dry Ginger Ale 6 Pack,6,https://www.igashop.com.au//product/kirks-dry-ginger-ale-211009,"data:image/gif;base64,R0lGODlhAQABAIAAAAAAAP///yH5BAEAAAAALAAAAAABAAEAAAIBRAA7",IGA,Soft Drinks,Kirks
6664916327afadaf97944de3,Kirks Dry Ginger Ale Soft Drink Bottle 1.25L,2,https://www.igashop.com.au//product/kirks-dry-ginger-ale-soft-drink-bottle-307795,"data:image/gif;base64,R0lGODlhAQABAIAAAAAAAP///yH5BAEAAAAALAAAAAABAAEAAAIBRAA7",IGA,Soft Drinks,Kirks
6664916327afadaf97944de4,Kirks Flavours Orange Cans 10 Pack,14.5,https://www.igashop.com.au//product/kirks-flavours-orange-cans-618374,"data:image/gif;base64,R0lGODlhAQABAIAAAAAAAP///yH5BAEAAAAALAAAAAABAAEAAAIBRAA7",IGA,Soft Drinks,Kirks
6664916327afadaf97944de5,Kirks Flavours Soft Drink Creaming Soda Cans 10 Pack,14.5,https://www.igashop.com.au//product/kirks-flavours-soft-drink-creaming-soda-cans-392300,"data:image/gif;base64,R0lGODlhAQABAIAAAAAAAP///yH5BAEAAAAALAAAAAABAAEAAAIBRAA7",IGA,Soft Drinks,Kirks
6664916327afadaf97944de6,Kirks Flavours Soft Drink Lemonade Cans 10 Pack,14.5,https://www.igashop.com.au//product/kirks-flavours-soft-drink-lemonade-cans-392504,"data:image/gif;base64,R0lGODlhAQABAIAAAAAAAP///yH5BAEAAAAALAAAAAABAAEAAAIBRAA7",IGA,Soft Drinks,Kirks
6664916327afadaf97944de7,Kirks Flavours Soft Drink Orange 1.25L,2,https://www.igashop.com.au//product/kirks-flavours-soft-drink-orange-180000002412,"data:image/gif;base64,R0lGODlhAQABAIAAAAAAAP///yH5BAEAAAAALAAAAAABAAEAAAIBRAA7",IGA,Soft Drinks,Kirks
6664916327afadaf97944de8,Kirks Flavours Soft Drink Pasito Cans 10 Pack,14.5,https://www.igashop.com.au//product/kirks-flavours-soft-drink-pasito-cans-392928,"data:image/gif;base64,R0lGODlhAQABAIAAAAAAAP///yH5BAEAAAAALAAAAAABAAEAAAIBRAA7",IGA,Soft Drinks,Kirks
6664916327afadaf97944de9,Kirks Lemon Squash Bottle 1.25L,2,https://www.igashop.com.au//product/kirks-lemon-squash-bottle-621602,"https://cdn.metcash.media/image/upload/f_auto,c_limit,w_300,q_auto/igashop/images/621602",IGA,Soft Drinks,Kirks
6664916327afadaf97944dea,Kirks Lemon Squash Multipack Cans 10 Pack,14.5,https://www.igashop.com.au//product/kirks-lemon-squash-multipack-cans-392588,"https://cdn.metcash.media/image/upload/f_auto,c_limit,w_300,q_auto/igashop/images/392588_1",IGA,Soft Drinks,Kirks
6664916327afadaf97944deb,Kirks Lemonade Bottle Soft Drink 1.25L,2,https://www.igashop.com.au//product/kirks-lemonade-bottle-soft-drink-621563,"https://cdn.metcash.media/image/upload/f_auto,c_limit,w_300,q_auto/igashop/images/621563",IGA,Soft Drinks,Kirks
6664916327afadaf97944dec,Kirks Lemonade Sugar Free Cans 10 Pack,14.5,https://www.igashop.com.au//product/kirks-lemonade-sugar-free-cans-84790,"https://cdn.metcash.media/image/upload/f_auto,c_limit,w_300,q_auto/igashop/images/84790_1",IGA,Soft Drinks,Kirks
6664916327afadaf97944ded,Kirks Lime & Soda 6 Pack,6,https://www.igashop.com.au//product/kirks-lime-soda-210757,"https://cdn.metcash.media/image/upload/f_auto,c_limit,w_300,q_auto/igashop/images/210757",IGA,Soft Drinks,Kirks
6664916327afadaf97944dee,Kirks Mixers Soda Water Cans 6 Pack,6,https://www.igashop.com.au//product/kirks-mixers-soda-water-cans-210969,"https://cdn.metcash.media/image/upload/f_auto,c_limit,w_300,q_auto/igashop/images/210969",IGA,Soft Drinks,Kirks
6664916327afadaf97944def,Kirks Mixers Tonic Water Cans 6 Pack,6,https://www.igashop.com.au//product/kirks-mixers-tonic-water-cans-210841,"data:image/gif;base64,R0lGODlhAQABAIAAAAAAAP///yH5BAEAAAAALAAAAAABAAEAAAIBRAA7",IGA,Soft Drinks,Kirks
6664916327afadaf97944df0,Kirks Olde Stoney Ginger Beer Bottle 1.25L,2,https://www.igashop.com.au//product/kirks-olde-stoney-ginger-beer-bottle-621539,"data:image/gif;base64,R0lGODlhAQABAIAAAAAAAP///yH5BAEAAAAALAAAAAABAAEAAAIBRAA7",IGA,Soft Drinks,Kirks
6664916327afadaf97944df1,Kirks Originals Olde Stoney Ginger Beer Multipack Cans 10 Pack,14.5,https://www.igashop.com.au//product/kirks-originals-olde-stoney-ginger-beer-multipack-cans-392708,"data:image/gif;base64,R0lGODlhAQABAIAAAAAAAP///yH5BAEAAAAALAAAAAABAAEAAAIBRAA7",IGA,Soft Drinks,Kirks
6664916327afadaf97944df2,Kirks Pasito Bottle Soft Drink 1.25L,2,https://www.igashop.com.au//product/kirks-pasito-bottle-soft-drink-621513,"data:image/gif;base64,R0lGODlhAQABAIAAAAAAAP///yH5BAEAAAAALAAAAAABAAEAAAIBRAA7",IGA,Soft Drinks,Kirks
6664916327afadaf97944df3,Kirks Sugar Free Creaming Soda Bottle 1.25L,2,https://www.igashop.com.au//product/kirks-sugar-free-creaming-soda-bottle-605486,"data:image/gif;base64,R0lGODlhAQABAIAAAAAAAP///yH5BAEAAAAALAAAAAABAAEAAAIBRAA7",IGA,Soft Drinks,Kirks
6664916327afadaf97944df4,Kirks Sugar Free Lemonade Bottle 1.25L,2,https://www.igashop.com.au//product/kirks-sugar-free-lemonade-bottle-605478,"data:image/gif;base64,R0lGODlhAQABAIAAAAAAAP///yH5BAEAAAAALAAAAAABAAEAAAIBRAA7",IGA,Soft Drinks,Kirks
6664916327afadaf97944df5,Kirks Sugar Free Pasito Passionfruit 1.25L,2,https://www.igashop.com.au//product/kirks-sugar-free-pasito-passionfruit-20000003834,"data:image/gif;base64,R0lGODlhAQABAIAAAAAAAP///yH5BAEAAAAALAAAAAABAAEAAAIBRAA7",IGA,Soft Drinks,Kirks
6664916327afadaf97944df6,Kirks Sugar Free Soft Drink Creaming Soda Cans 10 Pack,14.5,https://www.igashop.com.au//product/kirks-sugar-free-soft-drink-creaming-soda-cans-885138,"data:image/gif;base64,R0lGODlhAQABAIAAAAAAAP///yH5BAEAAAAALAAAAAABAAEAAAIBRAA7",IGA,Soft Drinks,Kirks
6664916327afadaf97944df7,Kirks Sugar Free Soft Drink Lemon Squash Cans 10 Pack,14.5,https://www.igashop.com.au//product/kirks-sugar-free-soft-drink-lemon-squash-cans-885120,"data:image/gif;base64,R0lGODlhAQABAIAAAAAAAP///yH5BAEAAAAALAAAAAABAAEAAAIBRAA7",IGA,Soft Drinks,Kirks
6664916327afadaf97944df8,Kirks Sugar Free Soft Drink Orange 1.25L,2,https://www.igashop.com.au//product/kirks-sugar-free-soft-drink-orange-180000002410,"data:image/gif;base64,R0lGODlhAQABAIAAAAAAAP///yH5BAEAAAAALAAAAAABAAEAAAIBRAA7",IGA,Soft Drinks,Kirks
6664916327afadaf97944df9,Kirks Sugar Free Soft Drink Orange Cans 10 Pack,14.5,https://www.igashop.com.au//product/kirks-sugar-free-soft-drink-orange-cans-180000002411,"data:image/gif;base64,R0lGODlhAQABAIAAAAAAAP///yH5BAEAAAAALAAAAAABAAEAAAIBRAA7",IGA,Soft Drinks,Kirks
6664916327afadaf97944dfa,Kirks Sugar Free Soft Drink Pasito Cans 10 Pack,14.5,https://www.igashop.com.au//product/kirks-sugar-free-soft-drink-pasito-cans-289515,"data:image/gif;base64,R0lGODlhAQABAIAAAAAAAP///yH5BAEAAAAALAAAAAABAAEAAAIBRAA7",IGA,Soft Drinks,Kirks
6664916327afadaf97944dfb,LA Ice Cola Bottle 1.25L,1.45,https://www.igashop.com.au//product/la-ice-cola-bottle-14708,"data:image/gif;base64,R0lGODlhAQABAIAAAAAAAP///yH5BAEAAAAALAAAAAABAAEAAAIBRAA7",IGA,Soft Drinks,LA
6664916327afadaf97944dfc,LA Ice Cola Bottle 2L,2,https://www.igashop.com.au//product/la-ice-cola-bottle-386456,"data:image/gif;base64,R0lGODlhAQABAIAAAAAAAP///yH5BAEAAAAALAAAAAABAAEAAAIBRAA7",IGA,Soft Drinks,LA
6664916327afadaf97944dfd,LA Ice Cola Bottles 12 Pack,11.2,https://www.igashop.com.au//product/la-ice-cola-bottles-7536,"https://cdn.metcash.media/image/upload/f_auto,c_limit,w_300,q_auto/igashop/images/7536",IGA,Soft Drinks,LA
6664916327afadaf97944dfe,LA Ice Cola Maxi Bottle 2L,2,https://www.igashop.com.au//product/la-ice-cola-maxi-bottle-386511,"https://cdn.metcash.media/image/upload/f_auto,c_limit,w_300,q_auto/igashop/images/386511",IGA,Soft Drinks,LA
6664916327afadaf97944dff,LA Ice Maxi Cola Bottle 1.25L,1.45,https://www.igashop.com.au//product/la-ice-maxi-cola-bottle-16645,"https://cdn.metcash.media/image/upload/f_auto,c_limit,w_300,q_auto/igashop/images/16645",IGA,Soft Drinks,LA
6664916327afadaf97944e00,Level Lemonade and Pineapple 300mL,3.15,https://www.igashop.com.au//product/level-lemonade-and-pineapple-871375,"https://cdn.metcash.media/image/upload/f_auto,c_limit,w_300,q_auto/igashop/images/871375",IGA,Soft Drinks,Level
6664916327afadaf97944e01,Level Lemonade Original 300mL,3.15,https://www.igashop.com.au//product/level-lemonade-original-871341,"https://cdn.metcash.media/image/upload/f_auto,c_limit,w_300,q_auto/igashop/images/871341",IGA,Soft Drinks,Level
6664916327afadaf97944e02,Mildura Orange Passionfruit Fruit Drink 330mL,2,https://www.igashop.com.au//product/mildura-orange-passionfruit-fruit-drink-20000006446,"https://cdn.metcash.media/image/upload/f_auto,c_limit,w_300,q_auto/igashop/images/20000006446",IGA,Soft Drinks,Mildura
6664916327afadaf97944e03,Mildura Sparkling Fruit Drink Orange & Mango 330mL,2,https://www.igashop.com.au//product/mildura-sparkling-fruit-drink-orange-mango-20000006445,"data:image/gif;base64,R0lGODlhAQABAIAAAAAAAP///yH5BAEAAAAALAAAAAABAAEAAAIBRAA7",IGA,Soft Drinks,Mildura
6664916327afadaf97944e04,Mountain Dew Energised Bottle 600mL,3.5,https://www.igashop.com.au//product/mountain-dew-energised-bottle-355515,"data:image/gif;base64,R0lGODlhAQABAIAAAAAAAP///yH5BAEAAAAALAAAAAABAAEAAAIBRAA7",IGA,Soft Drinks,Mountain
6664916327afadaf97944e05,Mountain Dew Energised Multipack Cans 10 Pack,18,https://www.igashop.com.au//product/mountain-dew-energised-multipack-cans-593773,"data:image/gif;base64,R0lGODlhAQABAIAAAAAAAP///yH5BAEAAAAALAAAAAABAAEAAAIBRAA7",IGA,Soft Drinks,Mountain
6664916327afadaf97944e06,Mountain Dew Energised Multipack Cans 24 Pack,19.9,https://www.igashop.com.au//product/mountain-dew-energised-multipack-cans-871749,"data:image/gif;base64,R0lGODlhAQABAIAAAAAAAP///yH5BAEAAAAALAAAAAABAAEAAAIBRAA7",IGA,Soft Drinks,Mountain
6664916327afadaf97944e07,Mountain Dew Energy Soft Drink 10 Pack,18,https://www.igashop.com.au//product/mountain-dew-energy-soft-drink-344721,"data:image/gif;base64,R0lGODlhAQABAIAAAAAAAP///yH5BAEAAAAALAAAAAABAAEAAAIBRAA7",IGA,Soft Drinks,Mountain
6664916327afadaf97944e08,Mountain Dew Energy Soft Drink 1.25L,3,https://www.igashop.com.au//product/mountain-dew-energy-soft-drink-346875,"data:image/gif;base64,R0lGODlhAQABAIAAAAAAAP///yH5BAEAAAAALAAAAAABAAEAAAIBRAA7",IGA,Soft Drinks,Mountain
6664916327afadaf97944e09,Mountain Dew No Sugar 600mL,3.5,https://www.igashop.com.au//product/mountain-dew-no-sugar-190000002911,"data:image/gif;base64,R0lGODlhAQABAIAAAAAAAP///yH5BAEAAAAALAAAAAABAAEAAAIBRAA7",IGA,Soft Drinks,Mountain
6664916327afadaf97944e0a,Mountain Dew Soft Drink 30 Pack,26,https://www.igashop.com.au//product/mountain-dew-soft-drink-628599,"data:image/gif;base64,R0lGODlhAQABAIAAAAAAAP///yH5BAEAAAAALAAAAAABAAEAAAIBRAA7",IGA,Soft Drinks,Mountain
6664916327afadaf97944e0b,Mr Basil Fruit Cocktail 290mL,3.35,https://www.igashop.com.au//product/mr-basil-fruit-cocktail-130282,"data:image/gif;base64,R0lGODlhAQABAIAAAAAAAP///yH5BAEAAAAALAAAAAABAAEAAAIBRAA7",IGA,Soft Drinks,Mr
6664916327afadaf97944e0c,Mr Basil Mangosteen 290mL,3.35,https://www.igashop.com.au//product/mr-basil-mangosteen-130758,"data:image/gif;base64,R0lGODlhAQABAIAAAAAAAP///yH5BAEAAAAALAAAAAABAAEAAAIBRAA7",IGA,Soft Drinks,Mr
6664916327afadaf97944e0d,Mr Basil Pink Guava 290mL,3.35,https://www.igashop.com.au//product/mr-basil-pink-guava-130952,"data:image/gif;base64,R0lGODlhAQABAIAAAAAAAP///yH5BAEAAAAALAAAAAABAAEAAAIBRAA7",IGA,Soft Drinks,Mr
6664916327afadaf97944e0e,Mr Basil Pomegranate 290mL,3.35,https://www.igashop.com.au//product/mr-basil-pomegranate-130384,"data:image/gif;base64,R0lGODlhAQABAIAAAAAAAP///yH5BAEAAAAALAAAAAABAAEAAAIBRAA7",IGA,Soft Drinks,Mr
6664916327afadaf97944e0f,Mr Basil Watermelon 290mL,3.35,https://www.igashop.com.au//product/mr-basil-watermelon-130258,"data:image/gif;base64,R0lGODlhAQABAIAAAAAAAP///yH5BAEAAAAALAAAAAABAAEAAAIBRAA7",IGA,Soft Drinks,Mr
6664916327afadaf97944e10,Nexba Crafted Soda Orange 1L,3.5,https://www.igashop.com.au//product/nexba-crafted-soda-orange-648002,"data:image/gif;base64,R0lGODlhAQABAIAAAAAAAP///yH5BAEAAAAALAAAAAABAAEAAAIBRAA7",IGA,Soft Drinks,Nexba
6664916327afadaf97944e11,Nexba Crafted Soda Orange 4 Pack,7.95,https://www.igashop.com.au//product/nexba-crafted-soda-orange-648086,"https://cdn.metcash.media/image/upload/f_auto,c_limit,w_300,q_auto/igashop/images/648086",IGA,Soft Drinks,Nexba
6664916327afadaf97944e12,Nexba Crafted Soda Pineapple 4 Pack,7.95,https://www.igashop.com.au//product/nexba-crafted-soda-pineapple-648159,"https://cdn.metcash.media/image/upload/f_auto,c_limit,w_300,q_auto/igashop/images/648159",IGA,Soft Drinks,Nexba
6664916327afadaf97944e13,Nexba Crafted Soda Vintage Cola 1L,3.55,https://www.igashop.com.au//product/nexba-crafted-soda-vintage-cola-192852,"https://cdn.metcash.media/image/upload/f_auto,c_limit,w_300,q_auto/igashop/images/192852",IGA,Soft Drinks,Nexba
6664916327afadaf97944e14,Pepsi Cola Soda 375ml Cans 30 Pack,26,https://www.igashop.com.au//product/pepsi-cola-soda-375ml-cans-345895,"https://cdn.metcash.media/image/upload/f_auto,c_limit,w_300,q_auto/igashop/images/345895",IGA,Soft Drinks,Pepsi
6664916327afadaf97944e15,Pepsi Cola Soda 375ml Cans 10 Pack,18,https://www.igashop.com.au//product/pepsi-cola-soda-375ml-cans-597581,"https://cdn.metcash.media/image/upload/f_auto,c_limit,w_300,q_auto/igashop/images/597581",IGA,Soft Drinks,Pepsi
6664916327afadaf97944e16,Pepsi Cola Soda 375ml Cans 24 Pack,19.9,https://www.igashop.com.au//product/pepsi-cola-soda-375ml-cans-615245,"https://cdn.metcash.media/image/upload/f_auto,c_limit,w_300,q_auto/igashop/images/615245",IGA,Soft Drinks,Pepsi
6664916327afadaf97944e17,Pepsi Cola Soda Bottle 2L,3.6,https://www.igashop.com.au//product/pepsi-cola-soda-bottle-14889,"data:image/gif;base64,R0lGODlhAQABAIAAAAAAAP///yH5BAEAAAAALAAAAAABAAEAAAIBRAA7",IGA,Soft Drinks,Pepsi
6664916327afadaf97944e18,Pepsi Cola Soda Bottle 600mL,3.5,https://www.igashop.com.au//product/pepsi-cola-soda-bottle-407626,"data:image/gif;base64,R0lGODlhAQABAIAAAAAAAP///yH5BAEAAAAALAAAAAABAAEAAAIBRAA7",IGA,Soft Drinks,Pepsi
6664916327afadaf97944e19,Pepsi Cola Soda Can 375mL,2,https://www.igashop.com.au//product/pepsi-cola-soda-can-806820,"data:image/gif;base64,R0lGODlhAQABAIAAAAAAAP///yH5BAEAAAAALAAAAAABAAEAAAIBRAA7",IGA,Soft Drinks,Pepsi
6664916327afadaf97944e1a,Pepsi Cola Soft Drink Cans 6 Pack,7.5,https://www.igashop.com.au//product/pepsi-cola-soft-drink-cans-160000001135,"data:image/gif;base64,R0lGODlhAQABAIAAAAAAAP///yH5BAEAAAAALAAAAAABAAEAAAIBRAA7",IGA,Soft Drinks,Pepsi
6664916327afadaf97944e1b,Pepsi Light Caffeine Free Bottle 1.25L,3,https://www.igashop.com.au//product/pepsi-light-caffeine-free-bottle-54229,"data:image/gif;base64,R0lGODlhAQABAIAAAAAAAP///yH5BAEAAAAALAAAAAABAAEAAAIBRAA7",IGA,Soft Drinks,Pepsi
6664916327afadaf97944e1c,Pepsi Max Lemon 1.25L,3,https://www.igashop.com.au//product/pepsi-max-lemon-150000008001,"data:image/gif;base64,R0lGODlhAQABAIAAAAAAAP///yH5BAEAAAAALAAAAAABAAEAAAIBRAA7",IGA,Soft Drinks,Pepsi
6664916327afadaf97944e1d,Pepsi Max No Sugar Creaming Soda Bottle 600mL,3.5,https://www.igashop.com.au//product/pepsi-max-no-sugar-creaming-soda-bottle-631681,"data:image/gif;base64,R0lGODlhAQABAIAAAAAAAP///yH5BAEAAAAALAAAAAABAAEAAAIBRAA7",IGA,Soft Drinks,Pepsi
6664916327afadaf97944e1e,Pepsi Max No Sugar Creaming Soda Bottle 1.25L,3,https://www.igashop.com.au//product/pepsi-max-no-sugar-creaming-soda-bottle-871317,"data:image/gif;base64,R0lGODlhAQABAIAAAAAAAP///yH5BAEAAAAALAAAAAABAAEAAAIBRAA7",IGA,Soft Drinks,Pepsi
6664916327afadaf97944e1f,Pepsi Max No Sugar Soda 300ml Bottle 4 Pack,7.4,https://www.igashop.com.au//product/pepsi-max-no-sugar-soda-300ml-bottle-593812,"data:image/gif;base64,R0lGODlhAQABAIAAAAAAAP///yH5BAEAAAAALAAAAAABAAEAAAIBRAA7",IGA,Soft Drinks,Pepsi
6664916327afadaf97944e20,Pepsi Max No Sugar Soda 375ml Cans 30 Pack,26,https://www.igashop.com.au//product/pepsi-max-no-sugar-soda-375ml-cans-313631,"data:image/gif;base64,R0lGODlhAQABAIAAAAAAAP///yH5BAEAAAAALAAAAAABAAEAAAIBRAA7",IGA,Soft Drinks,Pepsi
6664916327afadaf97944e21,Pepsi Max No Sugar Soda 375ml Cans 10 Pack,18,https://www.igashop.com.au//product/pepsi-max-no-sugar-soda-375ml-cans-593781,"data:image/gif;base64,R0lGODlhAQABAIAAAAAAAP///yH5BAEAAAAALAAAAAABAAEAAAIBRAA7",IGA,Soft Drinks,Pepsi
6664916327afadaf97944e22,Pepsi Max No Sugar Soda 375ml Cans 24 Pack,19.9,https://www.igashop.com.au//product/pepsi-max-no-sugar-soda-375ml-cans-634605,"data:image/gif;base64,R0lGODlhAQABAIAAAAAAAP///yH5BAEAAAAALAAAAAABAAEAAAIBRAA7",IGA,Soft Drinks,Pepsi
6664916327afadaf97944e23,Pepsi Max No Sugar Soda Bottle 2L,3.6,https://www.igashop.com.au//product/pepsi-max-no-sugar-soda-bottle-328416,"data:image/gif;base64,R0lGODlhAQABAIAAAAAAAP///yH5BAEAAAAALAAAAAABAAEAAAIBRAA7",IGA,Soft Drinks,Pepsi
6664916327afadaf97944e24,Pepsi Max No Sugar Vanilla Soda Bottle 600mL,3.5,https://www.igashop.com.au//product/pepsi-max-no-sugar-vanilla-soda-bottle-766635,"data:image/gif;base64,R0lGODlhAQABAIAAAAAAAP///yH5BAEAAAAALAAAAAABAAEAAAIBRAA7",IGA,Soft Drinks,Pepsi
6664916327afadaf97944e25,Pepsi Max Soda Bottle 600mL,3.5,https://www.igashop.com.au//product/pepsi-max-soda-bottle-409351,"https://cdn.metcash.media/image/upload/f_auto,c_limit,w_300,q_auto/igashop/images/409351",IGA,Soft Drinks,Pepsi
6664916327afadaf97944e26,Pepsi Max Soft Drink Bottle 1.25L,3,https://www.igashop.com.au//product/pepsi-max-soft-drink-bottle-328377,"https://cdn.metcash.media/image/upload/f_auto,c_limit,w_300,q_auto/igashop/images/328377",IGA,Soft Drinks,Pepsi
6664916327afadaf97944e27,Pepsi Max Vanilla 1.25L,3,https://www.igashop.com.au//product/pepsi-max-vanilla-766842,"https://cdn.metcash.media/image/upload/f_auto,c_limit,w_300,q_auto/igashop/images/766842",IGA,Soft Drinks,Pepsi
6664916327afadaf97944e28,Pepsi Soda Bottle 1.25L,3,https://www.igashop.com.au//product/pepsi-soda-bottle-14279,"https://cdn.metcash.media/image/upload/f_auto,c_limit,w_300,q_auto/igashop/images/14279",IGA,Soft Drinks,Pepsi
6664916327afadaf97944e29,Pepsi Soda Cans 6 Pack,6.3,https://www.igashop.com.au//product/pepsi-soda-cans-219293,"https://cdn.metcash.media/image/upload/f_auto,c_limit,w_300,q_auto/igashop/images/219293",IGA,Soft Drinks,Pepsi
6664916327afadaf97944e2a,Pepsi Soda Cans 6 Pack,6.3,https://www.igashop.com.au//product/pepsi-soda-cans-219400,"https://cdn.metcash.media/image/upload/f_auto,c_limit,w_300,q_auto/igashop/images/219400",IGA,Soft Drinks,Pepsi
6664916327afadaf97944e2b,Pepsi-Cola Creaming Soda Cans 10 Pack,18,https://www.igashop.com.au//product/pepsi-cola-creaming-soda-cans-336590,"data:image/gif;base64,R0lGODlhAQABAIAAAAAAAP///yH5BAEAAAAALAAAAAABAAEAAAIBRAA7",IGA,Soft Drinks,Pepsi-Cola
6664916327afadaf97944e2c,PS Organic No Added Sugar Lemonade 330mL,4,https://www.igashop.com.au//product/ps-organic-no-added-sugar-lemonade-9642,"data:image/gif;base64,R0lGODlhAQABAIAAAAAAAP///yH5BAEAAAAALAAAAAABAAEAAAIBRAA7",IGA,Soft Drinks,PS
6664916327afadaf97944e2d,Schweppes Agrum Blood Orange 1.1L,1.8,https://www.igashop.com.au//product/schweppes-agrum-blood-orange-851862,"data:image/gif;base64,R0lGODlhAQABAIAAAAAAAP///yH5BAEAAAAALAAAAAABAAEAAAIBRAA7",IGA,Soft Drinks,Schweppes
6664916327afadaf97944e2e,Schweppes Agrum Collection Blood Orange 4 Pack,7,https://www.igashop.com.au//product/schweppes-agrum-collection-blood-orange-160000003165,"data:image/gif;base64,R0lGODlhAQABAIAAAAAAAP///yH5BAEAAAAALAAAAAABAAEAAAIBRAA7",IGA,Soft Drinks,Schweppes
6664916327afadaf97944e2f,Schweppes Classic Mixers Bitter Lemon 4 Pack,7,https://www.igashop.com.au//product/schweppes-classic-mixers-bitter-lemon-460381,"data:image/gif;base64,R0lGODlhAQABAIAAAAAAAP///yH5BAEAAAAALAAAAAABAAEAAAIBRAA7",IGA,Soft Drinks,Schweppes
6664916327afadaf97944e30,Schweppes Classic Mixers Dry Ginger Ale 1.1L,1.8,https://www.igashop.com.au//product/schweppes-classic-mixers-dry-ginger-ale-852680,"data:image/gif;base64,R0lGODlhAQABAIAAAAAAAP///yH5BAEAAAAALAAAAAABAAEAAAIBRAA7",IGA,Soft Drinks,Schweppes
6664916327afadaf97944e31,Schweppes Classic Mixers Dry Ginger Ale Zero Sugar 1.1L,1.8,https://www.igashop.com.au//product/schweppes-classic-mixers-dry-ginger-ale-zero-sugar-852813,"data:image/gif;base64,R0lGODlhAQABAIAAAAAAAP///yH5BAEAAAAALAAAAAABAAEAAAIBRAA7",IGA,Soft Drinks,Schweppes
6664916327afadaf97944e32,Schweppes Classic Mixers Indian Tonic Water 1.1L,1.8,https://www.igashop.com.au//product/schweppes-classic-mixers-indian-tonic-water-852973,"data:image/gif;base64,R0lGODlhAQABAIAAAAAAAP///yH5BAEAAAAALAAAAAABAAEAAAIBRAA7",IGA,Soft Drinks,Schweppes
6664916327afadaf97944e33,Schweppes Classic Mixers Indian Tonic Water 4 Pack,7,https://www.igashop.com.au//product/schweppes-classic-mixers-indian-tonic-water-460404,"data:image/gif;base64,R0lGODlhAQABAIAAAAAAAP///yH5BAEAAAAALAAAAAABAAEAAAIBRAA7",IGA,Soft Drinks,Schweppes
6664916327afadaf97944e34,Schweppes Classic Mixers Indian Tonic Water Zero Sugar 1.1L,1.8,https://www.igashop.com.au//product/schweppes-classic-mixers-indian-tonic-water-zero-sugar-851854,"data:image/gif;base64,R0lGODlhAQABAIAAAAAAAP///yH5BAEAAAAALAAAAAABAAEAAAIBRAA7",IGA,Soft Drinks,Schweppes
6664916327afadaf97944e35,Schweppes Classic Mixers Indian Tonic Water Zero Sugar 4 Pack,7,https://www.igashop.com.au//product/schweppes-classic-mixers-indian-tonic-water-zero-sugar-301919,"data:image/gif;base64,R0lGODlhAQABAIAAAAAAAP///yH5BAEAAAAALAAAAAABAAEAAAIBRAA7",IGA,Soft Drinks,Schweppes
6664916327afadaf97944e36,Schweppes Classic Mixers Lemon Lime & Bitters 1.1L,1.8,https://www.igashop.com.au//product/schweppes-classic-mixers-lemon-lime-bitters-852790,"data:image/gif;base64,R0lGODlhAQABAIAAAAAAAP///yH5BAEAAAAALAAAAAABAAEAAAIBRAA7",IGA,Soft Drinks,Schweppes
6664916327afadaf97944e37,Schweppes Classic Mixers Lemon Lime & Bitters Zero Sugar 1.1L,1.8,https://www.igashop.com.au//product/schweppes-classic-mixers-lemon-lime-bitters-zero-sugar-160000003173,"data:image/gif;base64,R0lGODlhAQABAIAAAAAAAP///yH5BAEAAAAALAAAAAABAAEAAAIBRAA7",IGA,Soft Drinks,Schweppes
6664916327afadaf97944e38,Schweppes Classic Mixers Lemon Lime & Bitters Zero Sugar 4 Pack,7,https://www.igashop.com.au//product/schweppes-classic-mixers-lemon-lime-bitters-zero-sugar-983193,"data:image/gif;base64,R0lGODlhAQABAIAAAAAAAP///yH5BAEAAAAALAAAAAABAAEAAAIBRAA7",IGA,Soft Drinks,Schweppes
6664916327afadaf97944e39,Schweppes Classic Mixers Soda Water 1.1L,1.8,https://www.igashop.com.au//product/schweppes-classic-mixers-soda-water-852960,"https://cdn.metcash.media/image/upload/f_auto,c_limit,w_300,q_auto/igashop/images/852960",IGA,Soft Drinks,Schweppes
6664916327afadaf97944e3a,Schweppes Classic Mixers Soda Water 4 Pack,7,https://www.igashop.com.au//product/schweppes-classic-mixers-soda-water-460399,"https://cdn.metcash.media/image/upload/f_auto,c_limit,w_300,q_auto/igashop/images/460399",IGA,Soft Drinks,Schweppes
6664916327afadaf97944e3b,Schweppes Cordial Lemon 750mL,4.5,https://www.igashop.com.au//product/schweppes-cordial-lemon-20000004163,"https://cdn.metcash.media/image/upload/f_auto,c_limit,w_300,q_auto/igashop/images/20000004163",IGA,Soft Drinks,Schweppes
6664916327afadaf97944e3c,Schweppes Cordial Lemon Lime & Bitters Syrup 300mL,4,https://www.igashop.com.au//product/schweppes-cordial-lemon-lime-bitters-syrup-654401,"https://cdn.metcash.media/image/upload/f_auto,c_limit,w_300,q_auto/igashop/images/654401",IGA,Soft Drinks,Schweppes
6664916327afadaf97944e3d,Schweppes Dry Ginger Ale 4 Pack,7,https://www.igashop.com.au//product/schweppes-dry-ginger-ale-302591,"https://cdn.metcash.media/image/upload/f_auto,c_limit,w_300,q_auto/igashop/images/302591",IGA,Soft Drinks,Schweppes
6664916327afadaf97944e3e,Schweppes Elderflower Tonic 6 Pack,9,https://www.igashop.com.au//product/schweppes-elderflower-tonic-228483,/static/default-product-image.png,IGA,Soft Drinks,Schweppes
6664916327afadaf97944e3f,Schweppes Lemon & Lime with Natural Mineral Water 4 Pack,7,https://www.igashop.com.au//product/schweppes-lemon-lime-with-natural-mineral-water-383474,"data:image/gif;base64,R0lGODlhAQABAIAAAAAAAP///yH5BAEAAAAALAAAAAABAAEAAAIBRAA7",IGA,Soft Drinks,Schweppes
6664916327afadaf97944e40,Schweppes Lemon Lime & Bitters 4 Pack,7,https://www.igashop.com.au//product/schweppes-lemon-lime-bitters-461670,"data:image/gif;base64,R0lGODlhAQABAIAAAAAAAP///yH5BAEAAAAALAAAAAABAAEAAAIBRAA7",IGA,Soft Drinks,Schweppes
6664916327afadaf97944e41,Schweppes Lemonade 2L,3.6,https://www.igashop.com.au//product/schweppes-lemonade-21501,"data:image/gif;base64,R0lGODlhAQABAIAAAAAAAP///yH5BAEAAAAALAAAAAABAAEAAAIBRAA7",IGA,Soft Drinks,Schweppes
6664916327afadaf97944e42,Schweppes Lemonade 6 Pack,6.3,https://www.igashop.com.au//product/schweppes-lemonade-219264,"data:image/gif;base64,R0lGODlhAQABAIAAAAAAAP///yH5BAEAAAAALAAAAAABAAEAAAIBRAA7",IGA,Soft Drinks,Schweppes
6664916327afadaf97944e43,Schweppes Lemonade 600mL,3.5,https://www.igashop.com.au//product/schweppes-lemonade-44397,"data:image/gif;base64,R0lGODlhAQABAIAAAAAAAP///yH5BAEAAAAALAAAAAABAAEAAAIBRAA7",IGA,Soft Drinks,Schweppes
6664916327afadaf97944e44,Schweppes Lemonade 4 Pack,7,https://www.igashop.com.au//product/schweppes-lemonade-460365,"data:image/gif;base64,R0lGODlhAQABAIAAAAAAAP///yH5BAEAAAAALAAAAAABAAEAAAIBRAA7",IGA,Soft Drinks,Schweppes
6664916327afadaf97944e45,Schweppes Lemonade 375mL,2,https://www.igashop.com.au//product/schweppes-lemonade-806650,"data:image/gif;base64,R0lGODlhAQABAIAAAAAAAP///yH5BAEAAAAALAAAAAABAAEAAAIBRAA7",IGA,Soft Drinks,Schweppes
6664916327afadaf97944e46,Schweppes Lemonade Bottle 1.1L,1.8,https://www.igashop.com.au//product/schweppes-lemonade-bottle-732437,"data:image/gif;base64,R0lGODlhAQABAIAAAAAAAP///yH5BAEAAAAALAAAAAABAAEAAAIBRAA7",IGA,Soft Drinks,Schweppes
6664916327afadaf97944e47,Schweppes Lemonade Can 24 Pack,19.9,https://www.igashop.com.au//product/schweppes-lemonade-can-462074,"data:image/gif;base64,R0lGODlhAQABAIAAAAAAAP///yH5BAEAAAAALAAAAAABAAEAAAIBRAA7",IGA,Soft Drinks,Schweppes
6664916327afadaf97944e48,Schweppes Lemonade Multipack Can 30 Pack,26,https://www.igashop.com.au//product/schweppes-lemonade-multipack-can-345887,"data:image/gif;base64,R0lGODlhAQABAIAAAAAAAP///yH5BAEAAAAALAAAAAABAAEAAAIBRAA7",IGA,Soft Drinks,Schweppes
6664916327afadaf97944e49,Schweppes Lemonade Multipack Cans 10 Pack,18,https://www.igashop.com.au//product/schweppes-lemonade-multipack-cans-593749,"data:image/gif;base64,R0lGODlhAQABAIAAAAAAAP///yH5BAEAAAAALAAAAAABAAEAAAIBRAA7",IGA,Soft Drinks,Schweppes
6664916327afadaf97944e4a,Schweppes Lemonade Zero Sugar 1.1L,1.8,https://www.igashop.com.au//product/schweppes-lemonade-zero-sugar-732542,"data:image/gif;base64,R0lGODlhAQABAIAAAAAAAP///yH5BAEAAAAALAAAAAABAAEAAAIBRAA7",IGA,Soft Drinks,Schweppes
6664916327afadaf97944e4b,Schweppes Lemonade Zero Sugar 600mL,3.5,https://www.igashop.com.au//product/schweppes-lemonade-zero-sugar-756619,"data:image/gif;base64,R0lGODlhAQABAIAAAAAAAP///yH5BAEAAAAALAAAAAABAAEAAAIBRAA7",IGA,Soft Drinks,Schweppes
6664916327afadaf97944e4c,Schweppes Lemonade Zero Sugar Soda Syrup 300mL,4,https://www.igashop.com.au//product/schweppes-lemonade-zero-sugar-soda-syrup-160000003145,"data:image/gif;base64,R0lGODlhAQABAIAAAAAAAP///yH5BAEAAAAALAAAAAABAAEAAAIBRAA7",IGA,Soft Drinks,Schweppes
6664916327afadaf97944e4d,Schweppes Lime 1.1L,2.5,https://www.igashop.com.au//product/schweppes-lime-764395,"https://cdn.metcash.media/image/upload/f_auto,c_limit,w_300,q_auto/igashop/images/764395",IGA,Soft Drinks,Schweppes
6664916327afadaf97944e4e,Schweppes Lime Soda Mixer with Lime Juice 1.1L,1.8,https://www.igashop.com.au//product/schweppes-lime-soda-mixer-with-lime-juice-852591,"https://cdn.metcash.media/image/upload/f_auto,c_limit,w_300,q_auto/igashop/images/852591",IGA,Soft Drinks,Schweppes
6664916327afadaf97944e4f,Schweppes Low Sugar Tonic 6 Pack,9,https://www.igashop.com.au//product/schweppes-low-sugar-tonic-228548,/static/default-product-image.png,IGA,Soft Drinks,Schweppes
6664916327afadaf97944e50,Schweppes Mineral Water Orange Mango 4 Pack,7,https://www.igashop.com.au//product/schweppes-mineral-water-orange-mango-383505,"https://cdn.metcash.media/image/upload/f_auto,c_limit,w_300,q_auto/igashop/images/383505",IGA,Soft Drinks,Schweppes
6664916327afadaf97944e51,Schweppes Passiona 1.25L,3,https://www.igashop.com.au//product/schweppes-passiona-27264,"https://cdn.metcash.media/image/upload/f_auto,c_limit,w_300,q_auto/igashop/images/27264",IGA,Soft Drinks,Schweppes
6664916327afadaf97944e52,Schweppes Passiona Passionfruit Soft Drink 10 Pack,18,https://www.igashop.com.au//product/schweppes-passiona-passionfruit-soft-drink-655724,"https://cdn.metcash.media/image/upload/f_auto,c_limit,w_300,q_auto/igashop/images/655724",IGA,Soft Drinks,Schweppes
6664916327afadaf97944e53,Schweppes Passiona Soda Syrup Passionfruit Syrup 300mL,4,https://www.igashop.com.au//product/schweppes-passiona-soda-syrup-passionfruit-syrup-654396,"data:image/gif;base64,R0lGODlhAQABAIAAAAAAAP///yH5BAEAAAAALAAAAAABAAEAAAIBRAA7",IGA,Soft Drinks,Schweppes
6664916327afadaf97944e54,Schweppes Solo Thirst Crusher Original Lemon Bottle 1.25L,3,https://www.igashop.com.au//product/schweppes-solo-thirst-crusher-original-lemon-bottle-14164,"data:image/gif;base64,R0lGODlhAQABAIAAAAAAAP///yH5BAEAAAAALAAAAAABAAEAAAIBRAA7",IGA,Soft Drinks,Schweppes
6664916327afadaf97944e55,Schweppes Solo Thirst Crusher Original Lemon Bottle 2L,3.6,https://www.igashop.com.au//product/schweppes-solo-thirst-crusher-original-lemon-bottle-21666,"data:image/gif;base64,R0lGODlhAQABAIAAAAAAAP///yH5BAEAAAAALAAAAAABAAEAAAIBRAA7",IGA,Soft Drinks,Schweppes
6664916327afadaf97944e56,Schweppes Solo Thirst Crusher Original Lemon Bottle 600mL,3.5,https://www.igashop.com.au//product/schweppes-solo-thirst-crusher-original-lemon-bottle-44680,"data:image/gif;base64,R0lGODlhAQABAIAAAAAAAP///yH5BAEAAAAALAAAAAABAAEAAAIBRAA7",IGA,Soft Drinks,Schweppes
6664916327afadaf97944e57,Schweppes Solo Thirst Crusher Original Lemon Can 375mL,2,https://www.igashop.com.au//product/schweppes-solo-thirst-crusher-original-lemon-can-806359,"data:image/gif;base64,R0lGODlhAQABAIAAAAAAAP///yH5BAEAAAAALAAAAAABAAEAAAIBRAA7",IGA,Soft Drinks,Schweppes
6664916327afadaf97944e58,Schweppes Solo Thirst Crusher Original Lemon Multipack Cans 30 Pack,26,https://www.igashop.com.au//product/schweppes-solo-thirst-crusher-original-lemon-multipack-cans-313636,"data:image/gif;base64,R0lGODlhAQABAIAAAAAAAP///yH5BAEAAAAALAAAAAABAAEAAAIBRAA7",IGA,Soft Drinks,Schweppes
6664916327afadaf97944e59,Schweppes Solo Thirst Crusher Original Lemon Multipack Cans 10 Pack,18,https://www.igashop.com.au//product/schweppes-solo-thirst-crusher-original-lemon-multipack-cans-593765,"data:image/gif;base64,R0lGODlhAQABAIAAAAAAAP///yH5BAEAAAAALAAAAAABAAEAAAIBRAA7",IGA,Soft Drinks,Schweppes
6664916327afadaf97944e5a,Schweppes Solo Thirst Crusher Original Lemon Multipack Cans 24 Pack,19.9,https://www.igashop.com.au//product/schweppes-solo-thirst-crusher-original-lemon-multipack-cans-460446,"data:image/gif;base64,R0lGODlhAQABAIAAAAAAAP///yH5BAEAAAAALAAAAAABAAEAAAIBRAA7",IGA,Soft Drinks,Schweppes
6664916327afadaf97944e5b,Schweppes Solo Thirst Crusher Original Lemon Zero Sugar Bottle 1.25L,3,https://www.igashop.com.au//product/schweppes-solo-thirst-crusher-original-lemon-zero-sugar-bottle-255919,"data:image/gif;base64,R0lGODlhAQABAIAAAAAAAP///yH5BAEAAAAALAAAAAABAAEAAAIBRAA7",IGA,Soft Drinks,Schweppes
6664916327afadaf97944e5c,Schweppes Solo Zero Sugar Multipack Cans 24 Pack,19.9,https://www.igashop.com.au//product/schweppes-solo-zero-sugar-multipack-cans-294188,"data:image/gif;base64,R0lGODlhAQABAIAAAAAAAP///yH5BAEAAAAALAAAAAABAAEAAAIBRAA7",IGA,Soft Drinks,Schweppes
6664916327afadaf97944e5d,Schweppes Traditional Pink Lemonade 4 Pack,7,https://www.igashop.com.au//product/schweppes-traditional-pink-lemonade-653421,"data:image/gif;base64,R0lGODlhAQABAIAAAAAAAP///yH5BAEAAAAALAAAAAABAAEAAAIBRAA7",IGA,Soft Drinks,Schweppes
6664916327afadaf97944e5e,Schweppes Traditional Zero Sugar Pink Lemonade With Natural Strawberry Flavour 1.1L,1.8,https://www.igashop.com.au//product/schweppes-traditional-zero-sugar-pink-lemonade-with-natural-strawberry-flavour-190000007778,"data:image/gif;base64,R0lGODlhAQABAIAAAAAAAP///yH5BAEAAAAALAAAAAABAAEAAAIBRAA7",IGA,Soft Drinks,Schweppes
6664916327afadaf97944e5f,Schweppes Traditionals Brown Cream Soda 1.1L,1.8,https://www.igashop.com.au//product/schweppes-traditionals-brown-cream-soda-732539,"data:image/gif;base64,R0lGODlhAQABAIAAAAAAAP///yH5BAEAAAAALAAAAAABAAEAAAIBRAA7",IGA,Soft Drinks,Schweppes
6664916327afadaf97944e60,Schweppes Traditionals Raspberry 600mL,3.5,https://www.igashop.com.au//product/schweppes-traditionals-raspberry-306951,"data:image/gif;base64,R0lGODlhAQABAIAAAAAAAP///yH5BAEAAAAALAAAAAABAAEAAAIBRAA7",IGA,Soft Drinks,Schweppes
6664916327afadaf97944e61,Schweppes Traditionals Raspberry 1.1L,1.8,https://www.igashop.com.au//product/schweppes-traditionals-raspberry-764219,"https://cdn.metcash.media/image/upload/f_auto,c_limit,w_300,q_auto/igashop/images/764219",IGA,Soft Drinks,Schweppes
6664916327afadaf97944e62,Schweppes Traditionals Raspberry Multipack Cans 10 Pack,18,https://www.igashop.com.au//product/schweppes-traditionals-raspberry-multipack-cans-593757,"https://cdn.metcash.media/image/upload/f_auto,c_limit,w_300,q_auto/igashop/images/593757",IGA,Soft Drinks,Schweppes
6664916327afadaf97944e63,Schweppes Traditionals Raspberry Zero Sugar 1.1L,1.8,https://www.igashop.com.au//product/schweppes-traditionals-raspberry-zero-sugar-871642,"https://cdn.metcash.media/image/upload/f_auto,c_limit,w_300,q_auto/igashop/images/871642",IGA,Soft Drinks,Schweppes
6664916327afadaf97944e64,Schweppes Traditionals Sarsaparilla 1.1L,1.8,https://www.igashop.com.au//product/schweppes-traditionals-sarsaparilla-763551,"https://cdn.metcash.media/image/upload/f_auto,c_limit,w_300,q_auto/igashop/images/763551",IGA,Soft Drinks,Schweppes
6664916327afadaf97944e65,Soda Boss Can Grape Chewie 375mL,2.6,https://www.igashop.com.au//product/soda-boss-can-grape-chewie-232000,/static/default-product-image.png,IGA,Soft Drinks,Soda
6664916327afadaf97944e66,Soda Boss Can Peach Rings 375mL,2.6,https://www.igashop.com.au//product/soda-boss-can-peach-rings-231973,/static/default-product-image.png,IGA,Soft Drinks,Soda
6664916327afadaf97944e67,Soda Boss Can Pineapple Lollies 375mL,2.6,https://www.igashop.com.au//product/soda-boss-can-pineapple-lollies-231965,"data:image/gif;base64,R0lGODlhAQABAIAAAAAAAP///yH5BAEAAAAALAAAAAABAAEAAAIBRAA7",IGA,Soft Drinks,Soda
6664916327afadaf97944e68,Soda Boss Can Raspberry Red Frogs 375mL,2.6,https://www.igashop.com.au//product/soda-boss-can-raspberry-red-frogs-232005,"data:image/gif;base64,R0lGODlhAQABAIAAAAAAAP///yH5BAEAAAAALAAAAAABAAEAAAIBRAA7",IGA,Soft Drinks,Soda
6664916327afadaf97944e69,Soda Boss Can Strawberry Gummies 375mL,2.6,https://www.igashop.com.au//product/soda-boss-can-strawberry-gummies-231999,"data:image/gif;base64,R0lGODlhAQABAIAAAAAAAP///yH5BAEAAAAALAAAAAABAAEAAAIBRAA7",IGA,Soft Drinks,Soda
6664916327afadaf97944e6a,Solo Lemon Mango 10 Pack,18,https://www.igashop.com.au//product/solo-lemon-mango-552900,"data:image/gif;base64,R0lGODlhAQABAIAAAAAAAP///yH5BAEAAAAALAAAAAABAAEAAAIBRAA7",IGA,Soft Drinks,Solo
6664916327afadaf97944e6b,Solo Zero 1.25L,3,https://www.igashop.com.au//product/solo-zero-543142,"data:image/gif;base64,R0lGODlhAQABAIAAAAAAAP///yH5BAEAAAAALAAAAAABAAEAAAIBRAA7",IGA,Soft Drinks,Solo
6664916327afadaf97944e6c,Solo Zero Sugar Lemon Soft Drink 6 Pack,6.3,https://www.igashop.com.au//product/solo-zero-sugar-lemon-soft-drink-219379,"data:image/gif;base64,R0lGODlhAQABAIAAAAAAAP///yH5BAEAAAAALAAAAAABAAEAAAIBRAA7",IGA,Soft Drinks,Solo
6664916327afadaf97944e6d,Solo Zero Sugar Lemon Soft Drink 10 Pack,18,https://www.igashop.com.au//product/solo-zero-sugar-lemon-soft-drink-871757,"data:image/gif;base64,R0lGODlhAQABAIAAAAAAAP///yH5BAEAAAAALAAAAAABAAEAAAIBRAA7",IGA,Soft Drinks,Solo
6664916327afadaf97944e6e,Sprite Lemon Plus 10 Pack,19,https://www.igashop.com.au//product/sprite-lemon-plus-635203,"data:image/gif;base64,R0lGODlhAQABAIAAAAAAAP///yH5BAEAAAAALAAAAAABAAEAAAIBRAA7",IGA,Soft Drinks,Sprite
6664916327afadaf97944e6f,Sprite Lemon Plus 1.25L,3.85,https://www.igashop.com.au//product/sprite-lemon-plus-635790,"data:image/gif;base64,R0lGODlhAQABAIAAAAAAAP///yH5BAEAAAAALAAAAAABAAEAAAIBRAA7",IGA,Soft Drinks,Sprite
6664916327afadaf97944e70,Sprite Lemonade 12 Pack,19,https://www.igashop.com.au//product/sprite-lemonade-381998,"data:image/gif;base64,R0lGODlhAQABAIAAAAAAAP///yH5BAEAAAAALAAAAAABAAEAAAIBRAA7",IGA,Soft Drinks,Sprite
6664916327afadaf97944e71,Sprite Lemonade Bottle 1.25L,1.92,https://www.igashop.com.au//product/sprite-lemonade-bottle-345492,"data:image/gif;base64,R0lGODlhAQABAIAAAAAAAP///yH5BAEAAAAALAAAAAABAAEAAAIBRAA7",IGA,Soft Drinks,Sprite
6664916327afadaf97944e72,Sprite Lemonade Bottle 2L,3.4,https://www.igashop.com.au//product/sprite-lemonade-bottle-51352,"data:image/gif;base64,R0lGODlhAQABAIAAAAAAAP///yH5BAEAAAAALAAAAAABAAEAAAIBRAA7",IGA,Soft Drinks,Sprite
6664916327afadaf97944e73,Sprite Lemonade Bottle 600mL,4,https://www.igashop.com.au//product/sprite-lemonade-bottle-89224,"data:image/gif;base64,R0lGODlhAQABAIAAAAAAAP///yH5BAEAAAAALAAAAAABAAEAAAIBRAA7",IGA,Soft Drinks,Sprite
6664916327afadaf97944e74,Sprite Lemonade Multipack Cans 10 Pack,11.4,https://www.igashop.com.au//product/sprite-lemonade-multipack-cans-382313,"data:image/gif;base64,R0lGODlhAQABAIAAAAAAAP///yH5BAEAAAAALAAAAAABAAEAAAIBRAA7",IGA,Soft Drinks,Sprite
6664916327afadaf97944e75,Sprite Lemonade Multipack Cans 24 Pack,38.5,https://www.igashop.com.au//product/sprite-lemonade-multipack-cans-48121,"https://cdn.metcash.media/image/upload/f_auto,c_limit,w_300,q_auto/igashop/images/9300675003131_1",IGA,Soft Drinks,Sprite
6664916327afadaf97944e76,Sprite Lemonade Multipack Mini Cans 6 Pack,9.65,https://www.igashop.com.au//product/sprite-lemonade-multipack-mini-cans-673031,"https://cdn.metcash.media/image/upload/f_auto,c_limit,w_300,q_auto/igashop/images/673031",IGA,Soft Drinks,Sprite
6664916327afadaf97944e77,Sprite Lemonade Soft Drink 250mL,2.25,https://www.igashop.com.au//product/sprite-lemonade-soft-drink-187077,"https://cdn.metcash.media/image/upload/f_auto,c_limit,w_300,q_auto/igashop/images/9300675057950_1",IGA,Soft Drinks,Sprite
6664916327afadaf97944e78,Sprite Mini Cans 6 Pack,9.65,https://www.igashop.com.au//product/sprite-mini-cans-150000008052,"https://cdn.metcash.media/image/upload/f_auto,c_limit,w_300,q_auto/igashop/images/150000008052",IGA,Soft Drinks,Sprite
6664916327afadaf97944e79,Sprite No Sugar Lemonade Bottle 600mL,4,https://www.igashop.com.au//product/sprite-no-sugar-lemonade-bottle-292759,"https://cdn.metcash.media/image/upload/f_auto,c_limit,w_300,q_auto/igashop/images/9300675087117_1",IGA,Soft Drinks,Sprite
6664916327afadaf97944e7a,Sprite Zero Lemon 6 Pack,9.65,https://www.igashop.com.au//product/sprite-zero-lemon-242649,"https://cdn.metcash.media/image/upload/f_auto,c_limit,w_300,q_auto/igashop/images/242649",IGA,Soft Drinks,Sprite
6664916327afadaf97944e7b,Sprite Zero Lemon 600mL,4.25,https://www.igashop.com.au//product/sprite-zero-lemon-634980,"data:image/gif;base64,R0lGODlhAQABAIAAAAAAAP///yH5BAEAAAAALAAAAAABAAEAAAIBRAA7",IGA,Soft Drinks,Sprite
6664916327afadaf97944e7c,Sprite Zero Lemon 1.25L,3.85,https://www.igashop.com.au//product/sprite-zero-lemon-635384,"data:image/gif;base64,R0lGODlhAQABAIAAAAAAAP///yH5BAEAAAAALAAAAAABAAEAAAIBRAA7",IGA,Soft Drinks,Sprite
6664916327afadaf97944e7d,Sprite Zero Sugar Bottle 1.25L,1.92,https://www.igashop.com.au//product/sprite-zero-sugar-bottle-864441,"data:image/gif;base64,R0lGODlhAQABAIAAAAAAAP///yH5BAEAAAAALAAAAAABAAEAAAIBRAA7",IGA,Soft Drinks,Sprite
6664916327afadaf97944e7e,Sprite Zero Sugar Lemonade Bottle 2L,3.4,https://www.igashop.com.au//product/sprite-zero-sugar-lemonade-bottle-292898,"data:image/gif;base64,R0lGODlhAQABAIAAAAAAAP///yH5BAEAAAAALAAAAAABAAEAAAIBRAA7",IGA,Soft Drinks,Sprite
6664916327afadaf97944e7f,Sprite Zero Sugar Lemonade Multipack Bottles 12 Pack,19,https://www.igashop.com.au//product/sprite-zero-sugar-lemonade-multipack-bottles-580377,"data:image/gif;base64,R0lGODlhAQABAIAAAAAAAP///yH5BAEAAAAALAAAAAABAAEAAAIBRAA7",IGA,Soft Drinks,Sprite
6664916327afadaf97944e80,Sprite Zero Sugar Lemonade Multipack Cans 10 Pack,11.4,https://www.igashop.com.au//product/sprite-zero-sugar-lemonade-multipack-cans-292830,"data:image/gif;base64,R0lGODlhAQABAIAAAAAAAP///yH5BAEAAAAALAAAAAABAAEAAAIBRAA7",IGA,Soft Drinks,Sprite
6664916327afadaf97944e81,Staminade Hydrate Orange 25% Less Sugar 585gm,10.8,https://www.igashop.com.au//product/staminade-hydrate-orange-25-less-sugar-215600,"data:image/gif;base64,R0lGODlhAQABAIAAAAAAAP///yH5BAEAAAAALAAAAAABAAEAAAIBRAA7",IGA,Soft Drinks,Staminade
6664916327afadaf97944e82,Strangelove Coastal Tonic 4 Pack,8.4,https://www.igashop.com.au//product/strangelove-coastal-tonic-338115,"data:image/gif;base64,R0lGODlhAQABAIAAAAAAAP///yH5BAEAAAAALAAAAAABAAEAAAIBRAA7",IGA,Soft Drinks,Strangelove
6664916327afadaf97944e83,Strangelove Lime & Jalapeno Lo-Cal 300mL,13.5,https://www.igashop.com.au//product/strangelove-lime-jalapeno-lo-cal-338262,"data:image/gif;base64,R0lGODlhAQABAIAAAAAAAP///yH5BAEAAAAALAAAAAABAAEAAAIBRAA7",IGA,Soft Drinks,Strangelove
6664916327afadaf97944e84,Strangelove Mixers Coastal Tonic 540mL,5.6,https://www.igashop.com.au//product/strangelove-mixers-coastal-tonic-180000002744,"data:image/gif;base64,R0lGODlhAQABAIAAAAAAAP///yH5BAEAAAAALAAAAAABAAEAAAIBRAA7",IGA,Soft Drinks,Strangelove
6664916327afadaf97944e85,Strangelove Mixers Salted Grapefruit Tonic 540mL,5.6,https://www.igashop.com.au//product/strangelove-mixers-salted-grapefruit-tonic-180000002745,"data:image/gif;base64,R0lGODlhAQABAIAAAAAAAP///yH5BAEAAAAALAAAAAABAAEAAAIBRAA7",IGA,Soft Drinks,Strangelove
6664916327afadaf97944e86,Strangelove Salted Grapefruit 180mL,8.4,https://www.igashop.com.au//product/strangelove-salted-grapefruit-271546,"data:image/gif;base64,R0lGODlhAQABAIAAAAAAAP///yH5BAEAAAAALAAAAAABAAEAAAIBRAA7",IGA,Soft Drinks,Strangelove
6664916327afadaf97944e87,Sunkist Orange 30 Pack,26,https://www.igashop.com.au//product/sunkist-orange-180000002579,"data:image/gif;base64,R0lGODlhAQABAIAAAAAAAP///yH5BAEAAAAALAAAAAABAAEAAAIBRAA7",IGA,Soft Drinks,Sunkist
6664916327afadaf97944e88,Sunkist Orange Bottle 1.25L,3,https://www.igashop.com.au//product/sunkist-orange-bottle-352033,"data:image/gif;base64,R0lGODlhAQABAIAAAAAAAP///yH5BAEAAAAALAAAAAABAAEAAAIBRAA7",IGA,Soft Drinks,Sunkist
6664916327afadaf97944e89,Sunkist Orange Bottle 600mL,3.5,https://www.igashop.com.au//product/sunkist-orange-bottle-45076,"https://cdn.metcash.media/image/upload/f_auto,c_limit,w_300,q_auto/igashop/images/45076",IGA,Soft Drinks,Sunkist
6664916327afadaf97944e8a,Sunkist Orange Multipack Cans 10 Pack,18,https://www.igashop.com.au//product/sunkist-orange-multipack-cans-597573,"https://cdn.metcash.media/image/upload/f_auto,c_limit,w_300,q_auto/igashop/images/597573",IGA,Soft Drinks,Sunkist
6664916327afadaf97944e8b,Sunkist Orange Multipack Mini Cans 6 Pack,7.5,https://www.igashop.com.au//product/sunkist-orange-multipack-mini-cans-948305,"https://cdn.metcash.media/image/upload/f_auto,c_limit,w_300,q_auto/igashop/images/948305",IGA,Soft Drinks,Sunkist
6664916327afadaf97944e8c,Sunkist Orange Soft Drink 2L,3.6,https://www.igashop.com.au//product/sunkist-orange-soft-drink-358607,"https://cdn.metcash.media/image/upload/f_auto,c_limit,w_300,q_auto/igashop/images/358607",IGA,Soft Drinks,Sunkist
6664916327afadaf97944e8d,Sunkist Orange Zero Sugar Bottle 1.25L,3,https://www.igashop.com.au//product/sunkist-orange-zero-sugar-bottle-255948,"https://cdn.metcash.media/image/upload/f_auto,c_limit,w_300,q_auto/igashop/images/255948",IGA,Soft Drinks,Sunkist
6664916327afadaf97944e8e,Sunkist Zero Sugar 10 Pack,18,https://www.igashop.com.au//product/sunkist-zero-sugar-294133,/static/default-product-image.png,IGA,Soft Drinks,Sunkist
6664916327afadaf97944e8f,Sunkist Zero Sugar Cans 375ml x 24 Pack 24 Pack,19.9,https://www.igashop.com.au//product/sunkist-zero-sugar-cans-375ml-x-24-pack-294159,"data:image/gif;base64,R0lGODlhAQABAIAAAAAAAP///yH5BAEAAAAALAAAAAABAAEAAAIBRAA7",IGA,Soft Drinks,Sunkist
6664916327afadaf97944e90,Sunkist Zero Sugar Orange 6 Pack,6.3,https://www.igashop.com.au//product/sunkist-zero-sugar-orange-219405,"data:image/gif;base64,R0lGODlhAQABAIAAAAAAAP///yH5BAEAAAAALAAAAAABAAEAAAIBRAA7",IGA,Soft Drinks,Sunkist
6664916327afadaf97944e91,Sweet Fa Kiwi Strawberry 500mL,2.5,https://www.igashop.com.au//product/sweet-fa-kiwi-strawberry-180000000292,"data:image/gif;base64,R0lGODlhAQABAIAAAAAAAP///yH5BAEAAAAALAAAAAABAAEAAAIBRAA7",IGA,Soft Drinks,Sweet
6664916327afadaf97944e92,Tru Blu Ceda Classic Creaming Soda 1.25L,1.45,https://www.igashop.com.au//product/tru-blu-ceda-classic-creaming-soda-160000013284,"data:image/gif;base64,R0lGODlhAQABAIAAAAAAAP///yH5BAEAAAAALAAAAAABAAEAAAIBRAA7",IGA,Soft Drinks,Tru
6664916327afadaf97944e93,Tru Blu Ceda Creaming Soda 2L,2.4,https://www.igashop.com.au//product/tru-blu-ceda-creaming-soda-387067,"data:image/gif;base64,R0lGODlhAQABAIAAAAAAAP///yH5BAEAAAAALAAAAAABAAEAAAIBRAA7",IGA,Soft Drinks,Tru
6664916327afadaf97944e94,Tru Blu Club Soda Water 1.25L,1.45,https://www.igashop.com.au//product/tru-blu-club-soda-water-11954,"data:image/gif;base64,R0lGODlhAQABAIAAAAAAAP///yH5BAEAAAAALAAAAAABAAEAAAIBRAA7",IGA,Soft Drinks,Tru
6664916327afadaf97944e95,Tru Blu Creaming Soda 12 Pack,11.2,https://www.igashop.com.au//product/tru-blu-creaming-soda-7544,"data:image/gif;base64,R0lGODlhAQABAIAAAAAAAP///yH5BAEAAAAALAAAAAABAAEAAAIBRAA7",IGA,Soft Drinks,Tru
6664916327afadaf97944e96,Tru Blu Crush Orange 1.25L,1.45,https://www.igashop.com.au//product/tru-blu-crush-orange-25987,"data:image/gif;base64,R0lGODlhAQABAIAAAAAAAP///yH5BAEAAAAALAAAAAABAAEAAAIBRAA7",IGA,Soft Drinks,Tru
6664916327afadaf97944e97,Tru Blu Crush Passion 2L,2.4,https://www.igashop.com.au//product/tru-blu-crush-passion-386561,"data:image/gif;base64,R0lGODlhAQABAIAAAAAAAP///yH5BAEAAAAALAAAAAABAAEAAAIBRAA7",IGA,Soft Drinks,Tru
6664916327afadaf97944e98,Tru Blu Lido Lemonade 12 Pack,11.2,https://www.igashop.com.au//product/tru-blu-lido-lemonade-7528,"data:image/gif;base64,R0lGODlhAQABAIAAAAAAAP///yH5BAEAAAAALAAAAAABAAEAAAIBRAA7",IGA,Soft Drinks,Tru
6664916327afadaf97944e99,Tru Blu Lido Lemonade Bottle 1.25L,1.45,https://www.igashop.com.au//product/tru-blu-lido-lemonade-bottle-27662,"data:image/gif;base64,R0lGODlhAQABAIAAAAAAAP///yH5BAEAAAAALAAAAAABAAEAAAIBRAA7",IGA,Soft Drinks,Tru
6664916327afadaf97944e9a,Tru Blu Lido Lemonade Bottle 2L,2.4,https://www.igashop.com.au//product/tru-blu-lido-lemonade-bottle-386545,"data:image/gif;base64,R0lGODlhAQABAIAAAAAAAP///yH5BAEAAAAALAAAAAABAAEAAAIBRAA7",IGA,Soft Drinks,Tru
6664916327afadaf97944e9b,Tru Blu Lime Crush Bottle 2L,2.4,https://www.igashop.com.au//product/tru-blu-lime-crush-bottle-387012,"data:image/gif;base64,R0lGODlhAQABAIAAAAAAAP///yH5BAEAAAAALAAAAAABAAEAAAIBRAA7",IGA,Soft Drinks,Tru
6664916327afadaf97944e9c,Tru Blu Orange Crush 12 Pack,11.2,https://www.igashop.com.au//product/tru-blu-orange-crush-7510,"data:image/gif;base64,R0lGODlhAQABAIAAAAAAAP///yH5BAEAAAAALAAAAAABAAEAAAIBRAA7",IGA,Soft Drinks,Tru
6664916327afadaf97944e9d,Tru Blu Pub Squash 1.25L,1.45,https://www.igashop.com.au//product/tru-blu-pub-squash-23391,"https://cdn.metcash.media/image/upload/f_auto,c_limit,w_300,q_auto/igashop/images/23391",IGA,Soft Drinks,Tru
6664916327afadaf97944e9e,Tru Blu Pub Squash 2L,2.4,https://www.igashop.com.au//product/tru-blu-pub-squash-386537,"https://cdn.metcash.media/image/upload/f_auto,c_limit,w_300,q_auto/igashop/images/386537",IGA,Soft Drinks,Tru
6664916327afadaf97944e9f,Tru Blu Pub Squash 12 Pack,11.2,https://www.igashop.com.au//product/tru-blu-pub-squash-7552,"https://cdn.metcash.media/image/upload/f_auto,c_limit,w_300,q_auto/igashop/images/7552",IGA,Soft Drinks,Tru
6664916327afadaf97944ea0,Vanilla Coke Soft Drink 2L,3.9,https://www.igashop.com.au//product/vanilla-coke-soft-drink-932126,"https://cdn.metcash.media/image/upload/f_auto,c_limit,w_300,q_auto/igashop/images/9300675020985_0",IGA,Soft Drinks,Vanilla
6664916327afadaf97944ea1,Wild One Organic Amazon Lime Sparkling 345mL,4.9,https://www.igashop.com.au//product/wild-one-organic-amazon-lime-sparkling-921900,"https://cdn.metcash.media/image/upload/f_auto,c_limit,w_300,q_auto/igashop/images/921900",IGA,Soft Drinks,Wild
6664916327afadaf97944ea2,Wild One Organic Blood Orange Sparkling 345mL,4.9,https://www.igashop.com.au//product/wild-one-organic-blood-orange-sparkling-921829,"https://cdn.metcash.media/image/upload/f_auto,c_limit,w_300,q_auto/igashop/images/921829",IGA,Soft Drinks,Wild
6664916327afadaf97944ea3,Wild One Organic Orange Juice 360mL,5.4,https://www.igashop.com.au//product/wild-one-organic-orange-juice-82939,"data:image/gif;base64,R0lGODlhAQABAIAAAAAAAP///yH5BAEAAAAALAAAAAABAAEAAAIBRAA7",IGA,Soft Drinks,Wild
6664916327afadaf97944ea4,Wild One Organic Passionfruit Sparkling 345mL,4.9,https://www.igashop.com.au//product/wild-one-organic-passionfruit-sparkling-95513,"data:image/gif;base64,R0lGODlhAQABAIAAAAAAAP///yH5BAEAAAAALAAAAAABAAEAAAIBRAA7",IGA,Soft Drinks,Wild
6664916327afadaf97944ea5,Wild One Original Raspberry Lemonade Sparkling 345mL,4.9,https://www.igashop.com.au//product/wild-one-original-raspberry-lemonade-sparkling-921837,"data:image/gif;base64,R0lGODlhAQABAIAAAAAAAP///yH5BAEAAAAALAAAAAABAAEAAAIBRAA7",IGA,Soft Drinks,Wild
6664916327afadaf97944ea6,Wild One Sparkling Blood Orange 330mL,4.9,https://www.igashop.com.au//product/wild-one-sparkling-blood-orange-20000005642,"data:image/gif;base64,R0lGODlhAQABAIAAAAAAAP///yH5BAEAAAAALAAAAAABAAEAAAIBRAA7",IGA,Soft Drinks,Wild
